eil51,ChristofidesSerdyukov,485,0.017095997998694656,'[1, 22, 27, 51, 46, 12, 47, 4, 18, 17, 37, 15, 33, 45, 44, 42, 19, 40, 41, 13, 25, 14, 6, 48, 23, 24, 43, 7, 8, 26, 31, 28, 3, 20, 35, 36, 39, 10, 49, 9, 30, 34, 50, 21, 29, 2, 16, 38, 5, 11, 32]'
eil51,2-OPT,445,0.19439284300096915,'[1, 22, 20, 35, 36, 3, 28, 31, 8, 26, 7, 43, 24, 23, 48, 6, 14, 25, 13, 41, 40, 19, 42, 44, 45, 33, 15, 37, 17, 4, 18, 47, 12, 46, 51, 27, 32, 11, 16, 38, 5, 49, 9, 10, 39, 30, 34, 50, 21, 29, 2]'
eil51,SimulatedAnnealing,438,47.21446619499875,'[19, 42, 44, 17, 37, 15, 45, 33, 39, 10, 30, 34, 50, 16, 21, 29, 2, 22, 20, 35, 36, 3, 28, 31, 26, 8, 48, 23, 7, 43, 24, 6, 27, 1, 32, 11, 38, 9, 49, 5, 12, 46, 51, 47, 4, 18, 14, 25, 13, 41, 40]'
eil51,WangLeiAlgorithm,427,28.793229974000496,'[31, 28, 3, 36, 35, 20, 29, 21, 34, 30, 9, 50, 16, 2, 22, 1, 32, 11, 38, 5, 49, 10, 39, 33, 45, 15, 37, 17, 44, 42, 19, 40, 41, 13, 25, 14, 18, 4, 47, 12, 46, 51, 27, 6, 48, 23, 24, 43, 7, 26, 8]'
eil51,GreedyNearestNeighbor,525,0.001613599999473081,'[28, 31, 8, 26, 7, 23, 24, 14, 25, 18, 4, 17, 37, 15, 44, 42, 19, 41, 13, 40, 47, 12, 46, 51, 27, 1, 32, 11, 38, 5, 49, 9, 50, 34, 30, 10, 39, 33, 45, 16, 2, 29, 21, 20, 35, 36, 3, 22, 48, 6, 43]'
eil51,GeneticAlgorithm,436,250.88908445299967,'[22, 28, 31, 8, 26, 7, 43, 24, 23, 48, 6, 14, 25, 13, 41, 40, 19, 42, 44, 45, 33, 15, 37, 17, 4, 18, 47, 12, 46, 51, 27, 1, 32, 11, 38, 5, 49, 10, 39, 30, 34, 50, 9, 16, 21, 29, 2, 20, 35, 36, 3]'
eil51,SimulatedAnnealing,436,45.411494890999165,'[16, 2, 21, 29, 20, 35, 36, 3, 22, 28, 31, 26, 8, 48, 6, 23, 7, 43, 24, 14, 25, 13, 41, 19, 40, 42, 44, 15, 45, 33, 39, 10, 30, 34, 50, 9, 49, 5, 37, 17, 4, 18, 47, 12, 46, 51, 27, 1, 32, 11, 38]'
eil51,WangLeiAlgorithm,427,35.09497579799972,'[7, 26, 8, 31, 28, 3, 36, 35, 20, 29, 21, 16, 2, 22, 1, 32, 11, 38, 5, 49, 9, 50, 34, 30, 10, 39, 33, 45, 15, 37, 17, 44, 42, 40, 19, 41, 13, 25, 14, 18, 4, 47, 12, 46, 51, 27, 6, 48, 23, 24, 43]'
eil51,GreedyNearestNeighbor,507,0.0015064229992276523,'[6, 27, 1, 32, 11, 38, 5, 49, 9, 50, 16, 2, 29, 21, 34, 30, 10, 39, 33, 45, 15, 44, 37, 17, 4, 18, 47, 12, 46, 51, 48, 8, 26, 31, 28, 3, 20, 35, 36, 22, 7, 23, 24, 14, 25, 13, 41, 19, 42, 40, 43]'
eil51,GeneticAlgorithm,435,256.23802016800073,'[1, 22, 2, 32, 11, 38, 5, 49, 10, 39, 30, 34, 50, 9, 16, 21, 29, 20, 35, 36, 3, 28, 31, 8, 26, 7, 43, 24, 23, 48, 6, 14, 25, 13, 41, 40, 19, 42, 44, 45, 33, 15, 37, 17, 4, 18, 47, 12, 46, 51, 27]'
eil51,SimulatedAnnealing,431,60.35618431399962,'[6, 27, 51, 46, 11, 32, 1, 22, 2, 16, 50, 9, 49, 38, 5, 12, 47, 4, 18, 14, 25, 13, 41, 19, 40, 42, 44, 17, 37, 15, 45, 33, 39, 10, 30, 34, 21, 29, 20, 35, 36, 3, 28, 31, 8, 26, 7, 43, 24, 23, 48]'
eil51,WangLeiAlgorithm,427,37.945156178000616,'[10, 30, 9, 49, 5, 38, 11, 32, 1, 22, 2, 16, 50, 34, 21, 29, 20, 35, 36, 3, 28, 31, 8, 26, 7, 43, 24, 23, 48, 6, 27, 51, 46, 12, 47, 4, 18, 14, 25, 13, 41, 19, 40, 42, 44, 17, 37, 15, 45, 33, 39]'
eil51,GreedyNearestNeighbor,507,0.0015563640008622315,'[48, 6, 27, 1, 32, 11, 38, 5, 49, 9, 50, 16, 2, 29, 21, 34, 30, 10, 39, 33, 45, 15, 44, 37, 17, 4, 18, 47, 12, 46, 51, 14, 25, 13, 41, 19, 42, 40, 24, 23, 7, 26, 8, 31, 28, 3, 20, 35, 36, 22, 43]'
eil51,GeneticAlgorithm,435,275.4944671660014,'[20, 35, 36, 3, 28, 31, 8, 26, 7, 43, 24, 23, 48, 6, 14, 25, 13, 41, 40, 19, 42, 44, 45, 33, 15, 37, 17, 4, 18, 47, 12, 46, 51, 27, 1, 22, 2, 32, 11, 38, 5, 49, 10, 39, 30, 34, 50, 9, 16, 21, 29]'
eil51,SimulatedAnnealing,434,47.42094889699911,'[37, 44, 42, 40, 19, 41, 13, 25, 14, 24, 43, 7, 23, 48, 6, 27, 51, 46, 12, 47, 18, 4, 17, 15, 45, 33, 39, 10, 49, 9, 30, 34, 21, 50, 16, 2, 29, 20, 35, 36, 3, 28, 31, 26, 8, 22, 1, 32, 11, 38, 5]'
eil51,WangLeiAlgorithm,427,30.28004755800066,'[17, 44, 42, 19, 40, 41, 13, 25, 14, 18, 4, 47, 12, 46, 51, 27, 6, 48, 23, 24, 43, 7, 26, 8, 31, 28, 3, 36, 35, 20, 29, 21, 34, 50, 16, 2, 22, 1, 32, 11, 38, 5, 49, 9, 30, 10, 39, 33, 45, 15, 37]'
eil51,GreedyNearestNeighbor,562,0.0015783090002514655,'[34, 50, 9, 49, 5, 38, 11, 32, 1, 22, 28, 31, 8, 26, 7, 23, 24, 14, 25, 18, 4, 17, 37, 15, 44, 42, 19, 41, 13, 40, 47, 12, 46, 51, 27, 6, 48, 43, 2, 16, 29, 21, 30, 10, 39, 33, 45, 20, 35, 36, 3]'
eil51,GeneticAlgorithm,435,259.51866548,'[20, 35, 36, 3, 28, 31, 8, 26, 7, 43, 24, 23, 48, 6, 14, 25, 13, 41, 40, 19, 42, 44, 45, 33, 15, 37, 17, 4, 18, 47, 12, 46, 51, 27, 1, 22, 2, 32, 11, 38, 5, 49, 10, 39, 30, 34, 50, 9, 16, 21, 29]'
eil51,SimulatedAnnealing,435,45.832980998000494,'[19, 40, 41, 13, 25, 14, 18, 4, 47, 12, 51, 46, 32, 11, 2, 22, 1, 27, 6, 48, 23, 24, 43, 7, 26, 8, 31, 28, 3, 36, 35, 20, 29, 21, 34, 50, 16, 38, 5, 49, 9, 30, 10, 39, 33, 45, 15, 37, 17, 44, 42]'
eil51,WangLeiAlgorithm,427,28.753769487999307,'[7, 43, 24, 23, 48, 6, 27, 51, 46, 12, 47, 4, 18, 14, 25, 13, 41, 40, 19, 42, 44, 17, 37, 15, 45, 33, 39, 10, 49, 5, 38, 11, 32, 1, 22, 2, 16, 50, 9, 30, 34, 21, 29, 20, 35, 36, 3, 28, 31, 8, 26]'
eil51,GreedyNearestNeighbor,557,0.0015473139992536744,'[10, 49, 9, 50, 16, 2, 29, 21, 34, 30, 39, 33, 45, 15, 44, 37, 17, 4, 18, 47, 12, 46, 51, 27, 1, 32, 11, 38, 5, 6, 48, 8, 26, 31, 28, 3, 20, 35, 36, 22, 7, 23, 24, 14, 25, 13, 41, 19, 42, 40, 43]'
eil51,GeneticAlgorithm,436,254.41857102999893,'[35, 36, 3, 22, 28, 31, 8, 26, 7, 43, 24, 23, 48, 6, 14, 25, 13, 41, 40, 19, 42, 44, 45, 33, 15, 37, 17, 4, 18, 47, 12, 46, 51, 27, 1, 32, 11, 38, 5, 49, 10, 39, 30, 34, 50, 9, 16, 21, 29, 2, 20]'
eil51,SimulatedAnnealing,439,47.42649894299939,'[39, 10, 49, 9, 30, 34, 21, 50, 16, 11, 38, 5, 12, 46, 51, 6, 27, 32, 1, 22, 2, 29, 20, 35, 36, 3, 28, 31, 26, 8, 48, 23, 7, 43, 24, 14, 25, 18, 47, 4, 13, 41, 40, 19, 42, 44, 17, 37, 15, 45, 33]'
eil51,WangLeiAlgorithm,427,28.338448857999538,'[47, 4, 18, 14, 25, 13, 41, 19, 40, 42, 44, 17, 37, 15, 45, 33, 39, 10, 49, 5, 38, 11, 32, 1, 22, 2, 16, 50, 9, 30, 34, 21, 29, 20, 35, 36, 3, 28, 31, 8, 26, 7, 43, 24, 23, 48, 6, 27, 51, 46, 12]'
eil51,GreedyNearestNeighbor,496,0.0015112430010049138,'[31, 28, 3, 20, 35, 36, 29, 21, 50, 9, 49, 5, 38, 11, 32, 1, 22, 2, 16, 34, 30, 10, 39, 33, 45, 15, 44, 37, 17, 4, 18, 47, 12, 46, 51, 27, 6, 48, 8, 26, 7, 23, 24, 14, 25, 13, 41, 19, 42, 40, 43]'
eil51,GeneticAlgorithm,435,248.50375453699962,'[20, 35, 36, 3, 28, 31, 8, 26, 7, 43, 24, 23, 48, 6, 14, 25, 13, 41, 19, 40, 42, 44, 45, 33, 15, 37, 17, 4, 18, 47, 12, 46, 51, 27, 1, 22, 2, 32, 11, 38, 5, 49, 10, 39, 30, 9, 16, 50, 34, 21, 29]'
eil51,SimulatedAnnealing,441,49.54025824400014,'[19, 13, 4, 17, 37, 5, 38, 11, 32, 2, 22, 1, 27, 51, 46, 12, 47, 18, 25, 14, 6, 48, 23, 24, 43, 7, 26, 8, 31, 28, 3, 36, 35, 20, 29, 21, 16, 50, 34, 30, 9, 49, 10, 39, 33, 45, 15, 44, 42, 40, 41]'
eil51,WangLeiAlgorithm,427,34.95850561400039,'[17, 44, 42, 19, 40, 41, 13, 25, 14, 18, 4, 47, 12, 46, 51, 27, 6, 48, 23, 24, 43, 7, 26, 8, 31, 28, 3, 36, 35, 20, 29, 21, 34, 50, 16, 2, 22, 1, 32, 11, 38, 5, 49, 9, 30, 10, 39, 33, 45, 15, 37]'
eil51,GreedyNearestNeighbor,549,0.0015418440016219392,'[49, 9, 50, 16, 2, 29, 21, 34, 30, 10, 39, 33, 45, 15, 44, 37, 17, 4, 18, 47, 12, 46, 51, 27, 1, 32, 11, 38, 5, 6, 48, 8, 26, 31, 28, 3, 20, 35, 36, 22, 7, 23, 24, 14, 25, 13, 41, 19, 42, 40, 43]'
eil51,GeneticAlgorithm,435,261.35691096199844,'[11, 38, 5, 49, 10, 39, 30, 9, 16, 50, 34, 21, 29, 20, 35, 36, 3, 28, 31, 8, 26, 7, 43, 24, 23, 48, 6, 14, 25, 13, 41, 40, 19, 42, 44, 45, 33, 15, 37, 17, 4, 18, 47, 12, 46, 51, 27, 32, 1, 22, 2]'
eil51,SimulatedAnnealing,434,46.68591247800032,'[21, 16, 9, 50, 34, 30, 39, 10, 49, 5, 38, 11, 32, 2, 22, 1, 27, 51, 46, 12, 47, 18, 4, 17, 37, 15, 33, 45, 44, 42, 40, 19, 41, 13, 25, 14, 24, 43, 7, 23, 6, 48, 8, 26, 31, 28, 3, 36, 35, 20, 29]'
eil51,WangLeiAlgorithm,427,34.51508367799943,'[12, 46, 51, 27, 6, 48, 23, 24, 43, 7, 26, 8, 31, 28, 3, 36, 35, 20, 29, 21, 16, 2, 22, 1, 32, 11, 38, 5, 49, 9, 50, 34, 30, 10, 39, 33, 45, 15, 37, 17, 44, 42, 19, 40, 41, 13, 25, 14, 18, 4, 47]'
eil51,GreedyNearestNeighbor,529,0.0015683359997638036,'[2, 16, 50, 9, 49, 5, 38, 11, 32, 1, 22, 28, 31, 8, 26, 7, 23, 24, 14, 25, 18, 4, 17, 37, 15, 44, 42, 19, 41, 13, 40, 47, 12, 46, 51, 27, 6, 48, 43, 3, 20, 35, 36, 29, 21, 34, 30, 10, 39, 33, 45]'
eil51,GeneticAlgorithm,435,252.29093953099982,'[20, 29, 21, 16, 9, 50, 34, 30, 39, 10, 49, 5, 38, 11, 32, 2, 22, 1, 27, 51, 46, 12, 47, 18, 4, 17, 37, 15, 33, 45, 44, 42, 19, 40, 41, 13, 25, 14, 6, 48, 23, 24, 43, 7, 26, 8, 31, 28, 3, 36, 35]'
eil51,SimulatedAnnealing,439,45.74305714000002,'[32, 46, 51, 27, 1, 22, 2, 20, 35, 36, 3, 28, 31, 26, 8, 48, 6, 23, 7, 43, 24, 14, 25, 18, 47, 12, 5, 37, 17, 4, 13, 41, 40, 19, 42, 44, 15, 45, 33, 39, 10, 49, 9, 30, 34, 50, 21, 29, 16, 38, 11]'
eil51,WangLeiAlgorithm,426,33.30977785899995,'[41, 19, 40, 42, 44, 15, 45, 33, 39, 10, 49, 9, 30, 34, 50, 16, 21, 29, 2, 20, 35, 36, 3, 28, 31, 26, 8, 22, 1, 32, 11, 38, 5, 37, 17, 4, 18, 47, 12, 46, 51, 27, 6, 48, 23, 7, 43, 24, 14, 25, 13]'
eil51,GreedyNearestNeighbor,511,0.0015826319995539961,'[1, 32, 11, 38, 5, 49, 9, 50, 16, 2, 29, 21, 34, 30, 10, 39, 33, 45, 15, 44, 37, 17, 4, 18, 47, 12, 46, 51, 27, 6, 48, 8, 26, 31, 28, 3, 20, 35, 36, 22, 7, 23, 24, 14, 25, 13, 41, 19, 42, 40, 43]'
eil51,GeneticAlgorithm,436,262.0722248210004,'[22, 28, 31, 8, 26, 7, 43, 24, 23, 48, 6, 14, 25, 13, 41, 40, 19, 42, 44, 45, 33, 15, 37, 17, 4, 18, 47, 12, 46, 51, 27, 1, 32, 11, 38, 5, 49, 10, 39, 30, 34, 50, 9, 16, 21, 29, 2, 20, 35, 36, 3]'
eil51,SimulatedAnnealing,429,45.858140656000614,'[11, 32, 1, 22, 8, 26, 31, 28, 3, 36, 35, 20, 29, 21, 50, 34, 30, 9, 49, 10, 39, 33, 45, 15, 44, 42, 40, 19, 41, 13, 25, 14, 24, 43, 7, 23, 48, 6, 27, 51, 46, 12, 47, 18, 4, 17, 37, 5, 38, 16, 2]'
eil51,WangLeiAlgorithm,428,27.270994041002268,'[44, 42, 19, 40, 41, 13, 25, 14, 18, 4, 47, 12, 46, 51, 27, 6, 48, 23, 24, 43, 7, 26, 8, 31, 28, 3, 36, 35, 20, 2, 22, 1, 32, 11, 38, 5, 49, 9, 50, 16, 29, 21, 34, 30, 10, 39, 33, 45, 15, 37, 17]'
eil51,GreedyNearestNeighbor,551,0.0015663550002500415,'[50, 9, 49, 5, 38, 11, 32, 1, 22, 28, 31, 8, 26, 7, 23, 24, 14, 25, 18, 4, 17, 37, 15, 44, 42, 19, 41, 13, 40, 47, 12, 46, 51, 27, 6, 48, 43, 2, 16, 29, 21, 34, 30, 10, 39, 33, 45, 20, 35, 36, 3]'
eil51,GeneticAlgorithm,436,221.7531278239985,'[20, 35, 36, 3, 22, 28, 31, 8, 26, 7, 43, 24, 23, 48, 6, 14, 25, 13, 41, 40, 19, 42, 44, 45, 33, 15, 37, 17, 4, 18, 47, 12, 46, 51, 27, 1, 32, 11, 38, 5, 49, 10, 39, 30, 34, 50, 9, 16, 21, 29, 2]'
eil76,ChristofidesSerdyukov,637,0.04861652299950947,'[1, 43, 41, 42, 64, 22, 62, 73, 28, 61, 74, 2, 30, 68, 75, 76, 67, 34, 52, 27, 45, 29, 48, 47, 21, 36, 69, 71, 60, 70, 20, 37, 5, 15, 57, 59, 14, 53, 35, 19, 54, 13, 4, 6, 51, 17, 12, 40, 26, 46, 8, 7, 11, 66, 65, 38, 10, 31, 58, 72, 39, 9, 32, 44, 3, 50, 18, 25, 55, 24, 49, 16, 63, 56, 23, 33]'
eil76,2-OPT,574,0.6357965000024706,'[1, 23, 56, 41, 43, 42, 64, 22, 73, 62, 28, 61, 74, 30, 2, 6, 51, 17, 40, 12, 26, 7, 67, 76, 75, 68, 4, 45, 29, 48, 21, 47, 36, 69, 71, 60, 70, 20, 37, 5, 15, 57, 13, 27, 52, 34, 46, 8, 54, 19, 35, 53, 14, 59, 11, 66, 65, 38, 10, 31, 58, 72, 39, 9, 32, 44, 3, 50, 25, 55, 18, 24, 49, 16, 63, 33]'
eil76,SimulatedAnnealing,561,66.62413359100174,'[68, 45, 29, 5, 57, 15, 37, 20, 70, 60, 71, 69, 36, 47, 48, 30, 2, 74, 21, 61, 28, 62, 73, 1, 22, 64, 42, 43, 41, 56, 23, 49, 24, 3, 44, 32, 50, 18, 55, 25, 31, 9, 39, 72, 58, 10, 38, 65, 66, 11, 59, 14, 53, 35, 7, 8, 19, 54, 13, 27, 52, 46, 34, 67, 4, 75, 76, 26, 12, 40, 17, 51, 16, 63, 33, 6]'
eil76,WangLeiAlgorithm,549,74.23876278400348,'[33, 63, 16, 49, 24, 18, 50, 25, 55, 31, 10, 58, 72, 39, 9, 32, 44, 3, 40, 12, 26, 67, 76, 17, 51, 6, 68, 75, 4, 45, 29, 27, 52, 34, 46, 8, 35, 7, 53, 11, 38, 65, 66, 59, 14, 19, 54, 13, 57, 15, 5, 37, 20, 70, 60, 71, 36, 69, 21, 47, 48, 30, 74, 2, 62, 28, 61, 22, 64, 42, 41, 56, 23, 43, 1, 73]'
eil76,GreedyNearestNeighbor,675,0.003213924999727169,'[36, 47, 21, 74, 28, 62, 73, 1, 43, 41, 42, 64, 22, 61, 69, 71, 60, 70, 20, 37, 5, 29, 45, 27, 52, 34, 46, 8, 35, 7, 53, 14, 19, 54, 13, 57, 15, 48, 30, 2, 68, 75, 76, 67, 26, 12, 40, 17, 51, 6, 33, 63, 16, 3, 44, 32, 9, 39, 72, 58, 10, 38, 65, 66, 11, 59, 4, 49, 24, 18, 50, 25, 55, 31, 23, 56]'
eil76,GeneticAlgorithm,546,335.28229117700175,'[1, 43, 23, 56, 41, 42, 64, 22, 62, 28, 61, 21, 74, 30, 2, 68, 6, 51, 17, 40, 12, 26, 67, 76, 75, 4, 34, 46, 52, 27, 45, 29, 48, 47, 36, 69, 71, 60, 70, 20, 37, 5, 15, 57, 13, 54, 19, 8, 35, 7, 53, 14, 59, 66, 11, 65, 38, 10, 31, 58, 72, 39, 9, 25, 55, 18, 50, 32, 44, 3, 24, 49, 16, 63, 33, 73]'
eil76,SimulatedAnnealing,562,69.3633443309991,'[57, 15, 37, 20, 70, 60, 71, 69, 36, 47, 21, 74, 28, 61, 22, 64, 42, 43, 41, 56, 23, 24, 49, 16, 63, 1, 62, 73, 33, 51, 6, 68, 2, 30, 4, 75, 76, 67, 26, 17, 12, 40, 3, 44, 32, 50, 18, 55, 25, 9, 39, 72, 58, 31, 10, 38, 65, 66, 11, 59, 14, 53, 35, 7, 46, 34, 52, 8, 19, 54, 13, 27, 45, 29, 48, 5]'
eil76,WangLeiAlgorithm,546,88.72100973600027,'[40, 3, 44, 32, 9, 39, 72, 58, 10, 31, 55, 25, 50, 18, 24, 49, 16, 63, 23, 56, 41, 43, 42, 64, 22, 62, 1, 73, 33, 2, 30, 74, 28, 61, 21, 47, 36, 69, 71, 60, 70, 20, 37, 5, 48, 29, 15, 57, 13, 54, 19, 14, 59, 66, 65, 38, 11, 53, 7, 35, 8, 46, 34, 52, 27, 45, 4, 67, 26, 76, 75, 68, 6, 51, 17, 12]'
eil76,GreedyNearestNeighbor,632,0.0032886409971979447,'[45, 29, 48, 47, 21, 74, 28, 62, 73, 1, 43, 41, 42, 64, 22, 61, 69, 36, 71, 60, 70, 20, 37, 5, 15, 57, 13, 27, 52, 34, 46, 8, 35, 7, 53, 14, 19, 54, 67, 76, 75, 68, 6, 51, 17, 12, 40, 32, 44, 3, 16, 63, 33, 2, 30, 4, 26, 58, 72, 39, 9, 25, 50, 18, 24, 49, 23, 56, 55, 31, 10, 38, 65, 66, 11, 59]'
eil76,GeneticAlgorithm,546,329.3445032540003,'[1, 43, 23, 56, 41, 42, 64, 22, 62, 28, 61, 21, 74, 30, 2, 68, 6, 51, 17, 40, 12, 26, 67, 76, 75, 4, 34, 46, 52, 27, 45, 29, 48, 47, 36, 69, 71, 60, 70, 20, 37, 5, 15, 57, 13, 54, 19, 8, 35, 7, 53, 14, 59, 11, 66, 65, 38, 10, 31, 58, 72, 39, 9, 25, 55, 18, 50, 32, 44, 3, 24, 49, 16, 63, 33, 73]'
eil76,SimulatedAnnealing,559,69.92434138899989,'[22, 62, 73, 33, 1, 43, 42, 64, 41, 56, 23, 63, 16, 49, 24, 18, 50, 25, 55, 31, 10, 38, 65, 11, 66, 59, 14, 53, 35, 19, 54, 8, 7, 67, 76, 26, 17, 40, 12, 58, 72, 39, 9, 32, 44, 3, 51, 6, 68, 75, 4, 34, 46, 52, 27, 13, 57, 15, 5, 37, 20, 70, 60, 71, 36, 69, 21, 47, 48, 29, 45, 30, 2, 74, 28, 61]'
eil76,WangLeiAlgorithm,546,78.01666111499799,'[13, 57, 15, 5, 37, 20, 70, 60, 71, 36, 69, 61, 22, 62, 28, 74, 21, 47, 48, 29, 45, 27, 52, 34, 46, 67, 26, 76, 75, 4, 30, 2, 68, 6, 51, 17, 12, 40, 32, 44, 3, 16, 63, 33, 73, 1, 43, 42, 64, 41, 56, 23, 49, 24, 18, 50, 25, 55, 31, 9, 39, 72, 58, 10, 38, 65, 66, 11, 59, 14, 53, 35, 7, 8, 19, 54]'
eil76,GreedyNearestNeighbor,630,0.0032412740001745988,'[24, 49, 16, 63, 33, 73, 1, 43, 41, 42, 64, 22, 62, 28, 74, 2, 30, 48, 29, 45, 27, 52, 34, 46, 8, 35, 7, 53, 14, 19, 54, 13, 57, 15, 5, 37, 20, 70, 60, 71, 36, 47, 21, 61, 69, 4, 75, 76, 67, 26, 12, 40, 17, 51, 6, 68, 3, 44, 32, 9, 39, 72, 58, 10, 38, 65, 66, 11, 59, 31, 25, 50, 18, 55, 23, 56]'
eil76,GeneticAlgorithm,546,326.89906949000215,'[1, 43, 23, 56, 41, 42, 64, 22, 62, 28, 61, 21, 74, 30, 2, 68, 6, 51, 17, 40, 12, 26, 67, 76, 75, 4, 34, 46, 52, 27, 45, 29, 48, 47, 36, 69, 71, 60, 70, 20, 37, 5, 15, 57, 13, 54, 19, 8, 35, 7, 53, 14, 59, 11, 66, 65, 38, 10, 31, 58, 72, 39, 9, 25, 55, 18, 50, 32, 44, 3, 24, 49, 16, 63, 33, 73]'
eil76,SimulatedAnnealing,560,85.6951599339991,'[72, 31, 10, 38, 65, 66, 11, 59, 14, 53, 7, 35, 8, 19, 54, 13, 57, 15, 5, 37, 20, 70, 60, 71, 36, 69, 61, 28, 62, 73, 33, 1, 22, 64, 42, 43, 41, 56, 23, 63, 16, 49, 24, 18, 50, 55, 25, 9, 39, 32, 44, 3, 40, 12, 17, 51, 6, 68, 2, 30, 74, 21, 47, 48, 29, 45, 27, 52, 34, 46, 67, 4, 75, 76, 26, 58]'
eil76,WangLeiAlgorithm,544,84.57582338500288,'[36, 71, 60, 70, 20, 37, 5, 15, 57, 13, 54, 19, 8, 35, 7, 53, 14, 59, 11, 66, 65, 38, 10, 58, 72, 39, 9, 31, 55, 25, 50, 18, 24, 49, 23, 56, 41, 43, 42, 64, 22, 62, 1, 73, 33, 63, 16, 3, 44, 32, 40, 12, 17, 51, 6, 68, 4, 75, 76, 26, 67, 46, 34, 52, 27, 45, 29, 48, 30, 2, 74, 28, 61, 21, 47, 69]'
eil76,GreedyNearestNeighbor,642,0.003309449999505887,'[1, 73, 33, 63, 16, 3, 44, 32, 9, 39, 72, 58, 10, 38, 65, 11, 66, 53, 14, 19, 35, 7, 8, 46, 34, 52, 27, 45, 29, 48, 47, 21, 74, 28, 62, 2, 30, 4, 75, 76, 67, 26, 12, 40, 17, 51, 6, 68, 5, 37, 20, 70, 60, 71, 36, 69, 61, 22, 42, 41, 43, 23, 56, 49, 24, 18, 50, 25, 55, 31, 59, 54, 13, 57, 15, 64]'
eil76,GeneticAlgorithm,546,346.08592793700154,'[1, 43, 23, 56, 41, 42, 64, 22, 62, 28, 61, 21, 74, 30, 2, 68, 6, 51, 17, 40, 12, 26, 67, 76, 75, 4, 34, 46, 52, 27, 45, 29, 48, 47, 36, 69, 71, 60, 70, 20, 37, 5, 15, 57, 13, 54, 19, 8, 35, 7, 53, 14, 59, 11, 66, 65, 38, 10, 31, 58, 72, 39, 9, 25, 55, 18, 50, 32, 44, 3, 24, 49, 16, 63, 33, 73]'
eil76,SimulatedAnnealing,556,66.65840733699952,'[75, 4, 45, 29, 27, 52, 34, 46, 67, 76, 26, 17, 40, 12, 58, 72, 39, 9, 31, 10, 38, 65, 11, 66, 59, 14, 53, 35, 7, 8, 19, 54, 13, 57, 15, 5, 37, 20, 70, 60, 71, 69, 36, 47, 21, 48, 30, 2, 74, 28, 61, 22, 64, 42, 41, 56, 23, 43, 1, 62, 73, 33, 63, 16, 49, 24, 18, 55, 25, 50, 32, 44, 3, 51, 6, 68]'
eil76,WangLeiAlgorithm,545,85.50482859299882,'[22, 64, 42, 41, 56, 23, 43, 1, 73, 33, 63, 16, 49, 24, 18, 50, 25, 55, 31, 10, 58, 72, 39, 9, 32, 44, 3, 40, 12, 17, 51, 6, 68, 75, 76, 26, 67, 4, 45, 27, 52, 34, 46, 8, 7, 35, 53, 11, 38, 65, 66, 59, 14, 19, 54, 13, 57, 15, 29, 48, 5, 37, 20, 70, 60, 71, 69, 36, 47, 21, 61, 28, 74, 30, 2, 62]'
eil76,GreedyNearestNeighbor,661,0.003297582003142452,'[2, 30, 48, 29, 45, 27, 52, 34, 46, 8, 35, 7, 53, 14, 19, 54, 13, 57, 15, 5, 37, 20, 70, 60, 71, 36, 47, 21, 74, 28, 62, 73, 1, 43, 41, 42, 64, 22, 61, 69, 4, 75, 76, 67, 26, 12, 40, 17, 51, 6, 68, 33, 63, 16, 3, 44, 32, 9, 39, 72, 58, 10, 38, 65, 66, 11, 59, 31, 25, 50, 18, 24, 49, 23, 56, 55]'
eil76,GeneticAlgorithm,546,372.9863736829975,'[1, 43, 23, 56, 41, 42, 64, 22, 62, 28, 74, 30, 2, 68, 6, 51, 17, 40, 12, 26, 67, 76, 75, 4, 34, 46, 52, 27, 45, 29, 48, 47, 21, 61, 69, 36, 71, 60, 70, 20, 37, 5, 15, 57, 13, 54, 19, 8, 35, 7, 53, 14, 59, 11, 66, 65, 38, 10, 31, 58, 72, 39, 9, 25, 55, 18, 50, 32, 44, 3, 24, 49, 16, 63, 33, 73]'
eil76,SimulatedAnnealing,559,79.80609407200245,'[63, 1, 43, 41, 42, 64, 22, 62, 73, 33, 2, 30, 74, 28, 61, 21, 47, 36, 69, 71, 60, 70, 20, 37, 15, 57, 5, 48, 29, 45, 27, 52, 13, 54, 19, 14, 59, 11, 66, 65, 38, 53, 7, 35, 8, 46, 34, 67, 26, 76, 75, 4, 68, 6, 51, 17, 12, 40, 9, 39, 72, 58, 10, 31, 25, 55, 18, 50, 32, 44, 3, 16, 49, 24, 56, 23]'
eil76,WangLeiAlgorithm,546,92.55796692600052,'[44, 3, 24, 49, 16, 63, 33, 73, 1, 43, 23, 56, 41, 42, 64, 22, 62, 28, 61, 21, 74, 30, 2, 68, 6, 51, 17, 40, 12, 26, 76, 75, 4, 67, 46, 34, 52, 27, 45, 29, 48, 47, 36, 69, 71, 60, 70, 20, 37, 5, 15, 57, 13, 54, 19, 8, 7, 35, 53, 14, 59, 11, 66, 65, 38, 31, 10, 58, 72, 39, 9, 25, 55, 18, 50, 32]'
eil76,GreedyNearestNeighbor,689,0.0031971589996828698,'[69, 36, 47, 21, 74, 28, 62, 73, 1, 43, 41, 42, 64, 22, 61, 48, 29, 45, 27, 52, 34, 46, 8, 35, 7, 53, 14, 19, 54, 13, 57, 15, 5, 37, 20, 70, 60, 71, 30, 2, 68, 75, 76, 67, 26, 12, 40, 17, 51, 6, 33, 63, 16, 3, 44, 32, 9, 39, 72, 58, 10, 38, 65, 66, 11, 59, 4, 49, 24, 18, 50, 25, 55, 31, 23, 56]'
eil76,GeneticAlgorithm,546,376.619973390003,'[1, 43, 23, 56, 41, 42, 64, 22, 62, 28, 61, 21, 74, 30, 2, 68, 6, 51, 17, 40, 12, 26, 67, 76, 75, 4, 34, 46, 52, 27, 45, 29, 48, 47, 36, 69, 71, 60, 70, 20, 37, 5, 15, 57, 13, 54, 19, 8, 35, 7, 53, 14, 59, 11, 66, 65, 38, 10, 31, 58, 72, 39, 9, 25, 55, 18, 50, 32, 44, 3, 24, 49, 16, 63, 33, 73]'
eil76,SimulatedAnnealing,561,73.14527835999979,'[60, 71, 36, 69, 61, 28, 62, 22, 64, 42, 43, 41, 56, 23, 1, 73, 2, 68, 75, 76, 26, 12, 40, 17, 51, 6, 33, 63, 16, 49, 24, 3, 44, 32, 50, 18, 55, 25, 9, 39, 72, 58, 31, 10, 38, 65, 11, 66, 59, 14, 53, 7, 35, 8, 19, 54, 13, 57, 15, 27, 52, 34, 46, 67, 4, 45, 29, 48, 30, 74, 21, 47, 5, 37, 20, 70]'
eil76,WangLeiAlgorithm,544,76.03620464699998,'[70, 60, 71, 36, 69, 61, 21, 47, 48, 30, 2, 74, 28, 62, 22, 64, 42, 41, 56, 23, 43, 1, 73, 33, 63, 16, 49, 24, 18, 50, 25, 55, 31, 10, 58, 72, 39, 9, 32, 44, 3, 40, 12, 17, 51, 6, 68, 75, 76, 26, 67, 4, 45, 29, 27, 52, 34, 46, 8, 35, 7, 53, 11, 38, 65, 66, 59, 14, 19, 54, 13, 57, 15, 5, 37, 20]'
eil76,GreedyNearestNeighbor,665,0.0033046870012185536,'[62, 73, 1, 43, 41, 42, 64, 22, 28, 74, 2, 30, 48, 29, 45, 27, 52, 34, 46, 8, 35, 7, 53, 14, 19, 54, 13, 57, 15, 5, 37, 20, 70, 60, 71, 36, 47, 21, 61, 69, 4, 75, 76, 67, 26, 12, 40, 17, 51, 6, 68, 33, 63, 16, 3, 44, 32, 9, 39, 72, 58, 10, 38, 65, 66, 11, 59, 31, 25, 50, 18, 24, 49, 23, 56, 55]'
eil76,GeneticAlgorithm,546,501.1858662759987,'[1, 43, 23, 56, 41, 42, 64, 22, 62, 28, 61, 21, 74, 30, 2, 68, 6, 51, 17, 40, 12, 26, 67, 76, 75, 4, 34, 46, 52, 27, 45, 29, 48, 47, 36, 69, 71, 60, 70, 20, 37, 5, 15, 57, 13, 54, 19, 8, 35, 7, 53, 14, 59, 66, 11, 65, 38, 10, 31, 58, 72, 39, 9, 25, 55, 18, 50, 32, 44, 3, 24, 49, 16, 63, 33, 73]'
eil76,SimulatedAnnealing,559,95.70911484099997,'[68, 6, 33, 63, 16, 51, 17, 40, 3, 44, 32, 9, 39, 72, 58, 12, 26, 76, 67, 34, 46, 52, 27, 45, 29, 48, 5, 36, 47, 21, 74, 28, 61, 69, 71, 60, 70, 20, 37, 15, 57, 13, 54, 19, 8, 35, 7, 53, 14, 59, 66, 11, 65, 38, 10, 31, 55, 25, 50, 18, 24, 49, 23, 56, 41, 43, 42, 64, 22, 1, 73, 62, 2, 30, 4, 75]'
eil76,WangLeiAlgorithm,544,152.3062335020004,'[11, 66, 65, 38, 10, 31, 58, 72, 39, 9, 25, 55, 18, 50, 32, 44, 3, 40, 12, 17, 51, 6, 68, 4, 75, 76, 26, 67, 46, 34, 52, 27, 45, 29, 48, 30, 2, 74, 28, 62, 1, 73, 33, 63, 16, 49, 24, 23, 56, 41, 43, 42, 64, 22, 61, 21, 47, 36, 69, 71, 60, 70, 20, 37, 5, 15, 57, 13, 54, 19, 8, 35, 7, 53, 14, 59]'
eil76,GreedyNearestNeighbor,697,0.0032985470024868846,'[11, 65, 38, 10, 58, 72, 39, 9, 32, 44, 3, 16, 63, 33, 73, 1, 43, 41, 42, 64, 22, 62, 28, 74, 2, 30, 48, 29, 45, 27, 52, 34, 46, 8, 35, 7, 53, 14, 19, 54, 13, 57, 15, 5, 37, 20, 70, 60, 71, 36, 47, 21, 61, 69, 4, 75, 76, 67, 26, 12, 40, 17, 51, 6, 68, 49, 24, 18, 50, 25, 55, 31, 66, 59, 23, 56]'
eil76,GeneticAlgorithm,546,452.0023694320007,'[1, 43, 23, 56, 41, 42, 64, 22, 62, 28, 61, 21, 74, 30, 2, 68, 6, 51, 17, 40, 12, 26, 67, 76, 75, 4, 34, 46, 52, 27, 45, 29, 48, 47, 36, 69, 71, 60, 70, 20, 37, 5, 15, 57, 13, 54, 19, 8, 35, 7, 53, 14, 59, 11, 66, 65, 38, 10, 31, 58, 72, 39, 9, 25, 55, 18, 50, 32, 44, 3, 24, 49, 16, 63, 33, 73]'
eil76,SimulatedAnnealing,567,74.42266438300067,'[36, 21, 74, 28, 61, 22, 64, 42, 43, 41, 56, 23, 24, 49, 16, 3, 44, 32, 50, 18, 55, 25, 9, 39, 31, 10, 58, 72, 12, 40, 17, 51, 6, 33, 63, 1, 73, 62, 2, 68, 75, 76, 67, 26, 7, 8, 35, 53, 11, 38, 65, 66, 59, 14, 19, 54, 13, 57, 15, 5, 29, 45, 27, 52, 46, 34, 4, 30, 48, 47, 37, 20, 70, 60, 71, 69]'
eil76,WangLeiAlgorithm,545,75.22944959099914,'[35, 19, 8, 46, 34, 52, 27, 13, 54, 57, 15, 5, 37, 20, 70, 60, 71, 69, 36, 47, 21, 61, 28, 74, 2, 30, 48, 29, 45, 4, 67, 26, 76, 75, 68, 6, 51, 17, 12, 40, 32, 44, 3, 16, 63, 33, 73, 1, 62, 22, 64, 42, 43, 41, 56, 23, 49, 24, 18, 50, 25, 55, 31, 9, 39, 72, 58, 10, 38, 65, 66, 11, 59, 14, 53, 7]'
eil76,GreedyNearestNeighbor,642,0.0033390040007361677,'[1, 73, 33, 63, 16, 3, 44, 32, 9, 39, 72, 58, 10, 38, 65, 11, 66, 53, 14, 19, 35, 7, 8, 46, 34, 52, 27, 45, 29, 48, 47, 21, 74, 28, 62, 2, 30, 4, 75, 76, 67, 26, 12, 40, 17, 51, 6, 68, 5, 37, 20, 70, 60, 71, 36, 69, 61, 22, 42, 41, 43, 23, 56, 49, 24, 18, 50, 25, 55, 31, 59, 54, 13, 57, 15, 64]'
eil76,GeneticAlgorithm,546,338.58318190299906,'[1, 43, 23, 56, 41, 42, 64, 22, 62, 28, 61, 21, 74, 30, 2, 68, 6, 51, 17, 40, 12, 26, 67, 76, 75, 4, 34, 46, 52, 27, 45, 29, 48, 47, 36, 69, 71, 60, 70, 20, 37, 5, 15, 57, 13, 54, 19, 8, 35, 7, 53, 14, 59, 11, 66, 65, 38, 10, 31, 58, 72, 39, 9, 25, 55, 18, 50, 32, 44, 3, 24, 49, 16, 63, 33, 73]'
eil76,SimulatedAnnealing,558,72.89174401200216,'[5, 48, 47, 21, 74, 30, 2, 68, 6, 33, 73, 1, 43, 41, 42, 64, 22, 62, 28, 61, 69, 36, 71, 60, 70, 20, 37, 15, 57, 54, 13, 27, 52, 34, 46, 8, 19, 35, 7, 53, 14, 59, 11, 66, 65, 38, 10, 58, 72, 12, 40, 3, 44, 32, 9, 39, 31, 55, 25, 50, 18, 24, 49, 56, 23, 63, 16, 51, 17, 26, 67, 76, 75, 4, 45, 29]'
eil76,WangLeiAlgorithm,542,87.11031400600041,'[76, 75, 68, 6, 51, 17, 12, 40, 32, 44, 3, 16, 63, 33, 73, 1, 62, 22, 64, 42, 43, 41, 56, 23, 49, 24, 18, 50, 25, 55, 31, 9, 39, 72, 58, 10, 38, 65, 11, 66, 59, 14, 53, 7, 35, 8, 19, 54, 13, 57, 15, 5, 37, 20, 70, 60, 71, 69, 36, 47, 21, 61, 28, 74, 2, 30, 48, 29, 45, 27, 52, 46, 34, 4, 67, 26]'
eil76,GreedyNearestNeighbor,639,0.003244613002607366,'[42, 41, 43, 1, 73, 33, 63, 16, 3, 44, 32, 9, 39, 72, 58, 10, 38, 65, 11, 66, 53, 14, 19, 35, 7, 8, 46, 34, 52, 27, 45, 29, 48, 47, 21, 74, 28, 62, 2, 30, 4, 75, 76, 67, 26, 12, 40, 17, 51, 6, 68, 5, 37, 20, 70, 60, 71, 36, 69, 61, 22, 64, 56, 23, 49, 24, 18, 50, 25, 55, 31, 59, 54, 13, 57, 15]'
eil76,GeneticAlgorithm,546,362.4351279500006,'[1, 43, 23, 56, 41, 42, 64, 22, 62, 28, 61, 21, 74, 30, 2, 68, 6, 51, 17, 40, 12, 26, 67, 76, 75, 4, 34, 46, 52, 27, 45, 29, 48, 47, 36, 69, 71, 60, 70, 20, 37, 5, 15, 57, 13, 54, 19, 8, 35, 7, 53, 14, 59, 11, 66, 65, 38, 10, 31, 58, 72, 39, 9, 25, 55, 18, 50, 32, 44, 3, 24, 49, 16, 63, 33, 73]'
eil101,ChristofidesSerdyukov,711,0.12260874900312047,'[1, 50, 76, 77, 68, 80, 54, 55, 25, 4, 56, 39, 67, 23, 75, 22, 41, 74, 72, 73, 21, 40, 58, 26, 12, 24, 29, 3, 79, 34, 78, 33, 81, 9, 51, 71, 35, 65, 66, 20, 30, 70, 31, 88, 62, 11, 19, 64, 63, 90, 32, 10, 7, 82, 52, 18, 60, 83, 8, 46, 49, 36, 47, 48, 45, 17, 84, 5, 99, 96, 59, 92, 93, 85, 61, 16, 86, 38, 14, 44, 91, 100, 37, 98, 97, 87, 42, 43, 15, 57, 2, 95, 94, 89, 6, 13, 53, 101, 28, 27, 69]'
eil101,2-OPT,684,1.4943838569997752,'[1, 50, 76, 77, 12, 26, 58, 40, 21, 73, 72, 74, 41, 22, 75, 23, 67, 39, 56, 4, 25, 55, 54, 80, 68, 24, 29, 34, 78, 79, 3, 33, 81, 51, 9, 35, 71, 65, 66, 20, 30, 70, 10, 32, 90, 63, 64, 11, 19, 62, 31, 88, 7, 48, 47, 49, 36, 46, 82, 52, 18, 60, 83, 8, 45, 17, 84, 5, 99, 96, 59, 93, 85, 61, 16, 86, 38, 14, 44, 91, 100, 37, 98, 92, 97, 87, 42, 43, 15, 57, 2, 95, 94, 6, 89, 13, 53, 101, 28, 27, 69]'
eil101,SimulatedAnnealing,665,91.59468512600142,'[69, 1, 70, 31, 88, 7, 62, 19, 11, 63, 64, 49, 36, 47, 48, 82, 8, 46, 45, 83, 18, 52, 89, 60, 5, 84, 17, 61, 85, 93, 59, 99, 96, 6, 94, 95, 13, 58, 40, 2, 87, 97, 92, 37, 98, 100, 91, 44, 16, 86, 38, 14, 42, 43, 15, 57, 41, 22, 74, 73, 21, 72, 75, 56, 23, 67, 39, 25, 55, 4, 54, 24, 29, 3, 79, 78, 34, 35, 71, 65, 66, 20, 32, 90, 10, 30, 51, 9, 81, 33, 50, 76, 77, 68, 80, 12, 26, 28, 53, 101, 27]'
eil101,WangLeiAlgorithm,637,164.76954188300078,'[43, 15, 42, 87, 2, 57, 41, 22, 74, 73, 21, 72, 75, 56, 23, 67, 39, 4, 25, 55, 54, 24, 29, 68, 80, 12, 26, 40, 58, 53, 101, 28, 27, 69, 1, 50, 76, 77, 3, 79, 33, 81, 51, 9, 78, 34, 35, 65, 71, 66, 20, 30, 70, 31, 88, 62, 10, 32, 90, 63, 11, 64, 49, 36, 47, 19, 48, 7, 82, 8, 46, 45, 17, 84, 5, 60, 83, 18, 52, 89, 6, 94, 13, 95, 97, 92, 59, 96, 99, 93, 98, 37, 100, 91, 85, 61, 16, 86, 44, 38, 14]'
eil101,GreedyNearestNeighbor,810,0.005560721998335794,'[2, 57, 15, 43, 42, 87, 97, 92, 59, 99, 96, 6, 94, 95, 13, 58, 40, 21, 73, 72, 74, 22, 41, 75, 56, 23, 39, 4, 54, 55, 25, 24, 29, 3, 77, 76, 50, 1, 69, 27, 101, 53, 28, 26, 12, 80, 68, 79, 33, 81, 9, 51, 20, 30, 70, 31, 88, 7, 82, 48, 47, 36, 49, 19, 11, 62, 10, 90, 32, 63, 64, 46, 8, 45, 17, 84, 5, 60, 83, 18, 52, 89, 93, 98, 37, 100, 91, 85, 61, 16, 44, 14, 38, 86, 67, 78, 34, 35, 71, 66, 65]'
eil101,GeneticAlgorithm,639,450.6634899419987,'[1, 50, 76, 77, 3, 68, 80, 12, 26, 40, 21, 73, 72, 74, 22, 41, 75, 56, 23, 67, 39, 4, 25, 55, 54, 24, 29, 34, 78, 79, 33, 81, 51, 9, 35, 71, 65, 66, 20, 30, 70, 31, 10, 32, 90, 63, 62, 88, 7, 82, 48, 19, 11, 64, 49, 36, 47, 46, 8, 45, 17, 84, 5, 60, 83, 18, 52, 89, 6, 94, 95, 96, 99, 59, 93, 85, 61, 16, 86, 38, 14, 44, 91, 100, 98, 37, 92, 97, 87, 42, 43, 15, 57, 2, 13, 58, 53, 101, 28, 27, 69]'
eil101,SimulatedAnnealing,660,96.0731776270004,'[36, 47, 48, 19, 11, 10, 62, 88, 7, 82, 8, 46, 45, 17, 84, 5, 60, 83, 18, 89, 6, 94, 96, 99, 93, 59, 92, 98, 37, 100, 91, 85, 61, 16, 86, 38, 44, 14, 42, 43, 15, 57, 41, 22, 74, 75, 56, 23, 67, 39, 25, 55, 54, 24, 29, 78, 34, 35, 65, 66, 71, 9, 51, 81, 33, 79, 3, 77, 68, 80, 12, 26, 4, 72, 73, 21, 40, 2, 87, 97, 95, 13, 58, 53, 101, 28, 76, 50, 1, 69, 27, 52, 31, 70, 30, 20, 32, 90, 63, 64, 49]'
eil101,WangLeiAlgorithm,642,156.10496126900034,'[101, 53, 58, 40, 26, 12, 80, 68, 29, 24, 54, 55, 25, 4, 39, 67, 23, 56, 75, 72, 21, 73, 74, 22, 41, 15, 43, 42, 57, 2, 87, 97, 92, 37, 98, 100, 91, 44, 14, 38, 86, 16, 61, 85, 93, 59, 99, 96, 95, 13, 94, 6, 89, 52, 18, 83, 60, 5, 84, 17, 45, 46, 8, 82, 7, 48, 47, 36, 49, 64, 19, 11, 62, 88, 31, 70, 10, 63, 90, 32, 30, 20, 66, 71, 65, 35, 9, 51, 33, 81, 34, 78, 79, 3, 77, 76, 50, 1, 69, 27, 28]'
eil101,GreedyNearestNeighbor,884,0.005728625001211185,'[47, 48, 82, 7, 88, 31, 70, 30, 20, 51, 9, 81, 33, 79, 3, 77, 76, 50, 1, 69, 27, 101, 53, 58, 40, 21, 73, 72, 74, 22, 41, 75, 56, 23, 39, 4, 54, 55, 25, 24, 29, 68, 80, 12, 26, 28, 52, 18, 60, 5, 84, 17, 45, 8, 83, 89, 6, 94, 95, 97, 92, 59, 99, 96, 93, 85, 91, 100, 37, 98, 61, 16, 44, 14, 42, 87, 2, 57, 15, 43, 38, 86, 13, 62, 10, 90, 32, 63, 11, 19, 49, 36, 46, 64, 66, 71, 35, 34, 78, 65, 67]'
eil101,GeneticAlgorithm,646,460.23258585200165,'[1, 50, 76, 12, 26, 40, 21, 73, 72, 74, 22, 41, 75, 56, 23, 67, 39, 4, 25, 55, 54, 24, 29, 80, 68, 77, 3, 79, 33, 51, 9, 81, 78, 34, 35, 65, 71, 66, 20, 30, 70, 31, 88, 62, 10, 32, 90, 63, 11, 64, 49, 36, 47, 19, 48, 7, 82, 8, 46, 45, 83, 60, 5, 84, 17, 61, 16, 86, 38, 14, 44, 91, 100, 37, 98, 85, 93, 99, 96, 59, 92, 97, 87, 42, 43, 15, 57, 2, 58, 13, 95, 94, 6, 89, 18, 52, 101, 53, 28, 27, 69]'
eil101,SimulatedAnnealing,656,89.72282188800091,'[43, 15, 42, 57, 2, 87, 97, 95, 94, 13, 58, 40, 26, 4, 72, 21, 73, 74, 22, 41, 75, 56, 23, 67, 39, 25, 55, 54, 24, 29, 34, 78, 79, 33, 81, 9, 35, 65, 71, 66, 20, 51, 50, 76, 77, 3, 68, 80, 12, 28, 53, 101, 27, 69, 1, 70, 30, 32, 90, 63, 10, 31, 88, 62, 19, 11, 64, 49, 36, 46, 47, 48, 7, 82, 8, 45, 17, 84, 5, 60, 83, 18, 52, 89, 6, 96, 99, 93, 59, 92, 98, 37, 100, 91, 85, 61, 16, 86, 44, 38, 14]'
eil101,WangLeiAlgorithm,633,164.7495694520003,'[63, 90, 32, 10, 62, 88, 31, 70, 30, 20, 51, 9, 71, 66, 65, 35, 34, 78, 81, 33, 79, 3, 77, 76, 50, 1, 69, 27, 101, 53, 28, 26, 12, 80, 68, 29, 24, 54, 55, 25, 4, 39, 67, 23, 56, 75, 41, 22, 74, 72, 73, 21, 40, 58, 13, 94, 95, 97, 87, 2, 57, 15, 43, 42, 14, 38, 44, 86, 16, 61, 85, 91, 100, 98, 37, 92, 59, 93, 99, 96, 6, 89, 52, 18, 83, 60, 5, 84, 17, 45, 46, 8, 82, 7, 48, 19, 47, 36, 49, 64, 11]'
eil101,GreedyNearestNeighbor,764,0.0057432460016570985,'[24, 29, 3, 77, 76, 50, 1, 69, 27, 101, 53, 58, 40, 21, 73, 72, 74, 22, 41, 75, 56, 23, 39, 4, 54, 55, 25, 67, 26, 12, 80, 68, 79, 33, 81, 9, 51, 20, 30, 70, 31, 88, 7, 82, 48, 47, 36, 49, 19, 11, 62, 10, 90, 32, 63, 64, 46, 8, 45, 17, 84, 5, 60, 83, 18, 52, 89, 6, 94, 95, 97, 92, 59, 99, 96, 93, 85, 91, 100, 37, 98, 61, 16, 44, 14, 42, 87, 2, 57, 15, 43, 38, 86, 13, 28, 78, 34, 35, 71, 66, 65]'
eil101,GeneticAlgorithm,643,493.4594068810002,'[1, 69, 27, 28, 101, 53, 58, 40, 2, 57, 15, 43, 42, 87, 97, 95, 13, 94, 6, 96, 99, 59, 92, 93, 85, 98, 37, 100, 91, 44, 14, 38, 86, 16, 61, 17, 84, 5, 60, 83, 18, 89, 52, 7, 48, 82, 8, 45, 46, 47, 36, 49, 64, 19, 11, 63, 90, 32, 10, 62, 88, 31, 70, 30, 20, 66, 65, 71, 35, 34, 78, 81, 9, 51, 33, 79, 3, 77, 68, 80, 29, 24, 54, 4, 55, 25, 39, 67, 23, 56, 75, 22, 41, 74, 72, 73, 21, 26, 12, 76, 50]'
eil101,SimulatedAnnealing,656,91.95065544700265,'[32, 64, 49, 36, 47, 46, 8, 45, 17, 84, 5, 60, 83, 18, 89, 52, 7, 82, 48, 19, 11, 62, 88, 31, 1, 69, 27, 101, 28, 26, 53, 58, 40, 2, 57, 87, 97, 95, 13, 94, 6, 96, 99, 93, 59, 92, 37, 98, 100, 91, 85, 61, 16, 86, 44, 38, 14, 42, 43, 15, 41, 22, 74, 73, 21, 72, 75, 56, 23, 67, 39, 4, 25, 55, 54, 24, 29, 79, 3, 77, 68, 80, 12, 76, 50, 33, 51, 9, 81, 78, 34, 35, 65, 71, 66, 20, 30, 70, 10, 63, 90]'
eil101,WangLeiAlgorithm,634,168.10934350299794,'[92, 59, 93, 99, 96, 95, 97, 87, 13, 94, 6, 89, 52, 18, 83, 60, 5, 84, 17, 45, 46, 8, 82, 7, 48, 19, 47, 36, 49, 64, 11, 63, 90, 32, 10, 62, 88, 31, 70, 30, 20, 66, 71, 65, 35, 9, 51, 33, 81, 34, 78, 79, 3, 77, 76, 50, 1, 69, 27, 28, 101, 53, 58, 40, 26, 12, 80, 68, 29, 24, 54, 55, 25, 4, 39, 67, 23, 56, 75, 41, 22, 74, 72, 21, 73, 2, 57, 15, 43, 42, 14, 38, 44, 86, 16, 61, 85, 91, 100, 98, 37]'
eil101,GreedyNearestNeighbor,819,0.005765678997704526,'[15, 43, 42, 87, 97, 92, 59, 99, 96, 6, 94, 95, 13, 58, 40, 21, 73, 72, 74, 22, 41, 75, 56, 23, 39, 4, 54, 55, 25, 24, 29, 3, 77, 76, 50, 1, 69, 27, 101, 53, 28, 26, 12, 80, 68, 79, 33, 81, 9, 51, 20, 30, 70, 31, 88, 7, 82, 48, 47, 36, 49, 19, 11, 62, 10, 90, 32, 63, 64, 46, 8, 45, 17, 84, 5, 60, 83, 18, 52, 89, 93, 85, 91, 100, 37, 98, 61, 16, 44, 14, 38, 86, 57, 2, 67, 78, 34, 35, 71, 66, 65]'
eil101,GeneticAlgorithm,640,474.15644100499776,'[1, 50, 76, 12, 26, 28, 101, 53, 58, 40, 21, 73, 72, 74, 41, 22, 75, 56, 23, 67, 39, 4, 25, 55, 54, 24, 29, 80, 68, 77, 3, 79, 33, 51, 9, 81, 78, 34, 35, 71, 65, 66, 20, 30, 70, 31, 88, 62, 10, 32, 90, 63, 11, 64, 49, 36, 47, 19, 48, 7, 82, 8, 46, 45, 83, 60, 5, 84, 17, 61, 16, 86, 38, 14, 44, 91, 100, 37, 98, 85, 93, 99, 96, 59, 92, 95, 97, 87, 42, 43, 15, 57, 2, 13, 94, 6, 89, 18, 52, 27, 69]'
eil101,SimulatedAnnealing,663,93.89048280600036,'[25, 4, 72, 73, 21, 40, 58, 53, 101, 27, 28, 26, 12, 76, 50, 79, 3, 77, 68, 80, 54, 55, 24, 29, 34, 78, 81, 33, 51, 9, 35, 71, 65, 66, 20, 30, 70, 1, 69, 31, 88, 62, 10, 32, 90, 63, 11, 64, 49, 36, 47, 19, 48, 7, 82, 8, 46, 45, 17, 84, 5, 61, 16, 86, 38, 14, 44, 91, 85, 93, 59, 99, 96, 60, 83, 18, 52, 89, 6, 94, 95, 13, 87, 97, 92, 37, 98, 100, 42, 43, 15, 57, 2, 41, 22, 74, 75, 56, 23, 67, 39]'
eil101,WangLeiAlgorithm,638,157.04501559799974,'[7, 48, 82, 8, 46, 45, 17, 84, 5, 60, 83, 18, 52, 89, 6, 94, 13, 87, 97, 95, 96, 99, 59, 92, 93, 98, 37, 100, 91, 85, 61, 16, 86, 44, 38, 14, 42, 43, 15, 57, 2, 41, 22, 74, 73, 21, 72, 75, 56, 23, 67, 39, 25, 55, 4, 54, 24, 29, 68, 80, 12, 26, 40, 58, 53, 101, 28, 27, 69, 1, 50, 76, 77, 3, 79, 33, 81, 78, 34, 35, 65, 66, 71, 9, 51, 20, 30, 70, 31, 10, 32, 90, 63, 64, 49, 36, 47, 19, 11, 62, 88]'
eil101,GreedyNearestNeighbor,890,0.005720949000533437,'[30, 70, 31, 88, 7, 82, 48, 47, 36, 49, 19, 11, 62, 10, 90, 32, 63, 64, 20, 51, 9, 81, 33, 79, 3, 77, 76, 50, 1, 69, 27, 101, 53, 58, 40, 21, 73, 72, 74, 22, 41, 75, 56, 23, 39, 4, 54, 55, 25, 24, 29, 68, 80, 12, 26, 28, 52, 18, 60, 5, 84, 17, 45, 8, 83, 89, 6, 94, 95, 97, 92, 59, 99, 96, 93, 85, 91, 100, 37, 98, 61, 16, 44, 14, 42, 87, 2, 57, 15, 43, 38, 86, 13, 46, 66, 71, 35, 34, 78, 65, 67]'
eil101,GeneticAlgorithm,640,469.9410995750004,'[1, 50, 76, 77, 3, 68, 80, 12, 26, 28, 101, 53, 58, 40, 21, 73, 72, 74, 22, 41, 75, 56, 23, 67, 39, 4, 25, 55, 54, 24, 29, 34, 78, 79, 33, 81, 51, 9, 35, 71, 65, 66, 20, 30, 70, 31, 88, 62, 10, 32, 90, 63, 11, 64, 49, 36, 47, 19, 48, 7, 82, 8, 46, 45, 83, 60, 5, 84, 17, 61, 16, 86, 38, 14, 44, 91, 100, 37, 98, 85, 93, 99, 96, 59, 92, 97, 87, 42, 43, 15, 57, 2, 13, 95, 94, 6, 89, 18, 52, 27, 69]'
eil101,SimulatedAnnealing,659,91.7160797300021,'[69, 1, 50, 70, 30, 20, 66, 71, 65, 35, 34, 78, 81, 9, 51, 33, 79, 3, 77, 76, 12, 80, 68, 29, 24, 54, 4, 55, 25, 39, 67, 23, 56, 75, 72, 21, 73, 74, 22, 41, 15, 43, 38, 86, 16, 61, 5, 84, 17, 45, 8, 46, 47, 36, 49, 64, 63, 90, 32, 10, 62, 11, 19, 48, 82, 7, 88, 31, 52, 89, 18, 83, 60, 6, 96, 99, 59, 92, 93, 85, 98, 37, 100, 91, 44, 14, 42, 57, 2, 87, 97, 95, 94, 13, 58, 40, 26, 28, 53, 101, 27]'
eil101,WangLeiAlgorithm,634,171.4185513500015,'[48, 7, 82, 8, 46, 45, 17, 84, 5, 60, 83, 18, 52, 89, 6, 94, 13, 95, 96, 99, 59, 93, 85, 61, 16, 86, 38, 14, 44, 91, 100, 98, 37, 92, 97, 87, 42, 43, 15, 57, 2, 41, 22, 74, 73, 21, 72, 75, 56, 23, 67, 39, 4, 25, 55, 54, 24, 29, 68, 80, 12, 26, 40, 58, 53, 101, 28, 27, 69, 1, 50, 76, 77, 3, 79, 78, 34, 81, 33, 51, 9, 35, 71, 65, 66, 20, 30, 70, 31, 88, 62, 10, 32, 90, 63, 11, 64, 49, 36, 47, 19]'
eil101,GreedyNearestNeighbor,904,0.005687572000169894,'[64, 11, 19, 47, 48, 82, 7, 88, 31, 70, 30, 20, 51, 9, 81, 33, 79, 3, 77, 76, 50, 1, 69, 27, 101, 53, 58, 40, 21, 73, 72, 74, 22, 41, 75, 56, 23, 39, 4, 54, 55, 25, 24, 29, 68, 80, 12, 26, 28, 52, 18, 60, 5, 84, 17, 45, 8, 83, 89, 6, 94, 95, 97, 92, 59, 99, 96, 93, 85, 91, 100, 37, 98, 61, 16, 44, 14, 42, 87, 2, 57, 15, 43, 38, 86, 13, 62, 10, 90, 32, 63, 49, 36, 46, 66, 71, 35, 34, 78, 65, 67]'
eil101,GeneticAlgorithm,640,458.90581277800084,'[1, 50, 76, 77, 3, 68, 80, 12, 26, 28, 101, 53, 58, 40, 21, 73, 72, 74, 22, 41, 75, 56, 23, 67, 39, 25, 55, 4, 54, 24, 29, 34, 78, 79, 81, 33, 51, 9, 35, 65, 71, 66, 20, 30, 70, 31, 88, 62, 10, 32, 90, 63, 11, 64, 49, 36, 47, 19, 48, 7, 82, 8, 46, 45, 83, 60, 5, 84, 17, 61, 16, 86, 38, 14, 44, 91, 100, 37, 98, 85, 93, 99, 96, 59, 92, 95, 97, 87, 42, 43, 15, 57, 2, 13, 94, 6, 89, 18, 52, 27, 69]'
eil101,SimulatedAnnealing,680,90.96415275099935,'[13, 89, 52, 18, 82, 7, 88, 31, 10, 62, 11, 19, 48, 47, 36, 49, 64, 63, 90, 32, 20, 66, 65, 71, 35, 34, 78, 79, 3, 77, 76, 50, 1, 33, 81, 9, 51, 30, 70, 69, 27, 28, 101, 53, 58, 40, 21, 26, 12, 54, 80, 68, 29, 24, 55, 25, 4, 56, 39, 67, 23, 75, 72, 73, 74, 22, 41, 57, 2, 87, 97, 42, 15, 43, 14, 44, 38, 86, 16, 61, 5, 84, 17, 45, 46, 8, 83, 60, 6, 96, 99, 59, 93, 85, 91, 100, 37, 98, 92, 95, 94]'
eil101,WangLeiAlgorithm,634,140.26658226899963,'[57, 15, 43, 42, 87, 13, 94, 95, 97, 92, 37, 98, 100, 91, 44, 14, 38, 86, 16, 61, 85, 93, 59, 99, 96, 6, 89, 52, 18, 83, 60, 5, 84, 17, 45, 46, 8, 82, 7, 48, 19, 47, 36, 49, 64, 11, 63, 90, 32, 10, 62, 88, 31, 70, 30, 20, 66, 71, 65, 35, 34, 78, 81, 9, 51, 33, 79, 3, 77, 76, 50, 1, 69, 27, 28, 101, 53, 58, 40, 26, 12, 80, 68, 29, 24, 54, 55, 25, 4, 39, 67, 23, 56, 75, 22, 41, 74, 72, 21, 73, 2]'
eil101,GreedyNearestNeighbor,838,0.005629979001241736,'[96, 99, 59, 92, 37, 98, 85, 91, 100, 93, 61, 16, 44, 14, 42, 87, 97, 95, 94, 6, 89, 18, 60, 5, 84, 17, 45, 8, 82, 48, 47, 36, 49, 19, 11, 62, 10, 90, 32, 63, 64, 7, 88, 31, 70, 30, 20, 51, 9, 81, 33, 79, 3, 77, 76, 50, 1, 69, 27, 101, 53, 58, 40, 21, 73, 72, 74, 22, 41, 75, 56, 23, 39, 4, 54, 55, 25, 24, 29, 68, 80, 12, 26, 28, 52, 83, 46, 86, 38, 43, 15, 57, 2, 13, 78, 34, 35, 71, 66, 65, 67]'
eil101,GeneticAlgorithm,640,520.8858414730021,'[1, 50, 76, 77, 3, 79, 33, 51, 9, 81, 78, 34, 35, 71, 65, 66, 20, 30, 70, 31, 88, 62, 10, 32, 90, 63, 11, 19, 64, 49, 36, 47, 46, 45, 8, 82, 48, 7, 52, 89, 18, 83, 60, 5, 84, 17, 61, 16, 86, 38, 14, 44, 91, 100, 37, 98, 85, 93, 92, 59, 99, 96, 6, 94, 95, 97, 87, 42, 43, 15, 57, 2, 13, 58, 40, 21, 73, 72, 74, 41, 22, 75, 56, 23, 67, 39, 4, 25, 55, 54, 24, 29, 68, 80, 12, 26, 28, 53, 101, 27, 69]'
eil101,SimulatedAnnealing,681,97.6179018469993,'[73, 40, 58, 53, 28, 26, 21, 4, 56, 75, 23, 67, 39, 25, 55, 54, 24, 29, 68, 80, 12, 76, 77, 3, 79, 78, 34, 35, 71, 65, 66, 20, 51, 9, 81, 33, 50, 1, 69, 27, 101, 13, 87, 2, 57, 42, 14, 44, 91, 16, 61, 85, 100, 37, 98, 93, 99, 96, 59, 92, 97, 95, 94, 6, 89, 60, 5, 84, 83, 18, 52, 7, 88, 31, 10, 70, 30, 32, 90, 63, 62, 19, 11, 64, 49, 36, 47, 48, 82, 8, 46, 45, 17, 86, 38, 43, 15, 41, 22, 74, 72]'
eil101,WangLeiAlgorithm,641,179.04258236600072,'[24, 29, 79, 3, 77, 76, 50, 33, 81, 78, 34, 35, 65, 66, 71, 9, 51, 20, 30, 70, 1, 69, 31, 88, 62, 10, 32, 90, 63, 11, 64, 49, 36, 47, 19, 48, 7, 82, 8, 46, 45, 17, 84, 5, 60, 83, 18, 52, 89, 6, 96, 99, 93, 59, 92, 98, 37, 100, 91, 85, 61, 16, 86, 44, 38, 14, 42, 43, 15, 57, 2, 87, 97, 95, 94, 13, 58, 53, 101, 27, 28, 26, 40, 21, 73, 72, 74, 41, 22, 75, 56, 23, 67, 39, 25, 55, 4, 54, 12, 68, 80]'
eil101,GreedyNearestNeighbor,853,0.005701330002921168,'[62, 10, 90, 32, 63, 11, 19, 47, 48, 82, 7, 88, 31, 70, 30, 20, 51, 9, 81, 33, 79, 3, 77, 76, 50, 1, 69, 27, 101, 53, 58, 40, 21, 73, 72, 74, 22, 41, 75, 56, 23, 39, 4, 54, 55, 25, 24, 29, 68, 80, 12, 26, 28, 52, 18, 60, 5, 84, 17, 45, 8, 83, 89, 6, 94, 95, 97, 92, 59, 99, 96, 93, 85, 91, 100, 37, 98, 61, 16, 44, 14, 42, 87, 2, 57, 15, 43, 38, 86, 13, 46, 36, 49, 64, 66, 71, 35, 34, 78, 65, 67]'
eil101,GeneticAlgorithm,642,456.2564793450001,'[1, 50, 76, 12, 26, 28, 101, 53, 58, 40, 21, 73, 72, 74, 22, 41, 75, 56, 23, 67, 39, 4, 25, 55, 54, 24, 29, 80, 68, 77, 3, 79, 33, 51, 9, 81, 78, 34, 35, 65, 71, 66, 20, 30, 70, 31, 88, 62, 10, 32, 90, 63, 11, 19, 64, 49, 36, 47, 46, 45, 8, 82, 48, 7, 18, 83, 60, 5, 84, 17, 61, 16, 86, 38, 14, 44, 91, 100, 37, 98, 85, 93, 99, 96, 59, 92, 97, 87, 42, 43, 15, 57, 2, 13, 95, 94, 6, 89, 52, 27, 69]'
eil101,SimulatedAnnealing,665,92.30153184200026,'[79, 81, 33, 51, 9, 78, 34, 35, 71, 65, 66, 20, 30, 70, 1, 69, 27, 89, 6, 94, 13, 95, 96, 99, 59, 93, 85, 98, 37, 92, 97, 87, 42, 100, 91, 44, 16, 61, 84, 5, 60, 83, 18, 52, 31, 88, 7, 19, 11, 62, 10, 32, 90, 63, 64, 49, 36, 47, 48, 82, 8, 46, 45, 17, 86, 38, 14, 43, 15, 57, 2, 40, 58, 53, 101, 28, 26, 21, 73, 72, 74, 22, 41, 75, 56, 23, 67, 39, 4, 25, 55, 54, 12, 76, 50, 3, 77, 68, 80, 24, 29]'
eil101,WangLeiAlgorithm,633,169.20926466899982,'[21, 40, 58, 13, 94, 95, 97, 87, 2, 57, 15, 43, 42, 14, 44, 38, 86, 16, 61, 85, 91, 100, 98, 37, 92, 59, 93, 99, 96, 6, 89, 52, 18, 83, 60, 5, 84, 17, 45, 46, 8, 82, 7, 48, 19, 47, 36, 49, 64, 11, 63, 90, 32, 10, 62, 88, 31, 70, 30, 20, 51, 9, 71, 66, 65, 35, 34, 78, 81, 33, 79, 3, 77, 76, 50, 1, 69, 27, 101, 53, 28, 26, 12, 80, 68, 29, 24, 54, 55, 25, 4, 39, 67, 23, 56, 75, 22, 41, 74, 72, 73]'
eil101,GreedyNearestNeighbor,860,0.00570331999915652,'[8, 45, 17, 84, 5, 60, 83, 18, 52, 89, 6, 94, 95, 97, 92, 59, 99, 96, 93, 85, 91, 100, 37, 98, 61, 16, 44, 14, 42, 87, 2, 57, 15, 43, 38, 86, 13, 58, 40, 21, 73, 72, 74, 22, 41, 75, 56, 23, 39, 4, 54, 55, 25, 24, 29, 3, 77, 76, 50, 1, 69, 27, 101, 53, 28, 26, 12, 80, 68, 79, 33, 81, 9, 51, 20, 30, 70, 31, 88, 7, 82, 48, 47, 36, 49, 19, 11, 62, 10, 90, 32, 63, 64, 46, 66, 71, 35, 34, 78, 65, 67]'
eil101,GeneticAlgorithm,640,464.40363864900064,'[1, 50, 76, 12, 26, 28, 101, 53, 58, 40, 21, 73, 72, 74, 22, 41, 75, 56, 23, 67, 39, 25, 55, 4, 54, 24, 29, 80, 68, 77, 3, 79, 33, 51, 9, 81, 78, 34, 35, 65, 71, 66, 20, 30, 70, 31, 88, 62, 10, 32, 90, 63, 11, 64, 49, 36, 47, 19, 48, 7, 82, 8, 46, 45, 83, 60, 5, 84, 17, 61, 16, 86, 38, 14, 44, 91, 100, 37, 98, 85, 93, 99, 96, 59, 92, 95, 97, 87, 42, 43, 15, 57, 2, 13, 94, 6, 89, 18, 52, 27, 69]'
eil101,SimulatedAnnealing,672,93.3007482819994,'[60, 89, 6, 94, 96, 95, 97, 87, 13, 58, 53, 101, 28, 27, 52, 69, 1, 70, 30, 10, 31, 88, 62, 11, 19, 48, 47, 46, 36, 49, 64, 63, 90, 32, 20, 66, 71, 65, 35, 9, 51, 33, 81, 34, 78, 79, 3, 50, 76, 77, 68, 80, 29, 24, 55, 25, 39, 67, 23, 56, 75, 41, 22, 74, 72, 4, 54, 12, 26, 40, 21, 73, 2, 57, 15, 43, 42, 14, 44, 38, 86, 16, 61, 93, 85, 91, 100, 98, 37, 92, 59, 99, 5, 84, 17, 45, 8, 82, 7, 18, 83]'
eil101,WangLeiAlgorithm,637,151.73213042499992,'[84, 17, 45, 8, 46, 47, 36, 49, 64, 11, 19, 48, 82, 7, 88, 62, 10, 63, 90, 32, 30, 70, 31, 69, 1, 50, 76, 77, 3, 79, 33, 81, 9, 51, 20, 66, 65, 71, 35, 34, 78, 29, 24, 68, 80, 12, 54, 55, 25, 4, 39, 67, 23, 56, 75, 22, 41, 74, 72, 73, 21, 40, 26, 28, 27, 101, 53, 58, 13, 87, 2, 57, 15, 43, 42, 14, 38, 44, 86, 16, 61, 85, 91, 100, 98, 37, 97, 92, 59, 93, 99, 96, 95, 94, 6, 89, 52, 18, 83, 60, 5]'
eil101,GreedyNearestNeighbor,903,0.005612543001916492,'[63, 90, 32, 10, 62, 88, 31, 70, 30, 20, 51, 9, 81, 33, 79, 3, 77, 76, 50, 1, 69, 27, 101, 53, 58, 40, 21, 73, 72, 74, 22, 41, 75, 56, 23, 39, 4, 54, 55, 25, 24, 29, 68, 80, 12, 26, 28, 52, 18, 60, 5, 84, 17, 45, 8, 82, 48, 47, 36, 49, 19, 11, 64, 7, 83, 89, 6, 94, 95, 97, 92, 59, 99, 96, 93, 85, 91, 100, 37, 98, 61, 16, 44, 14, 42, 87, 2, 57, 15, 43, 38, 86, 13, 46, 66, 71, 35, 34, 78, 65, 67]'
eil101,GeneticAlgorithm,642,486.32017423900106,'[1, 50, 76, 12, 26, 28, 101, 53, 58, 40, 21, 73, 72, 74, 41, 22, 75, 56, 23, 67, 39, 4, 25, 55, 54, 24, 29, 80, 68, 77, 3, 79, 33, 51, 9, 81, 78, 34, 35, 65, 71, 66, 20, 30, 70, 32, 90, 63, 10, 62, 31, 88, 7, 82, 48, 19, 11, 64, 49, 36, 47, 46, 8, 45, 83, 60, 5, 84, 17, 61, 16, 86, 38, 14, 44, 91, 100, 37, 98, 85, 93, 99, 96, 59, 92, 95, 97, 87, 42, 43, 15, 57, 2, 13, 94, 6, 89, 18, 52, 27, 69]'
kroA100,ChristofidesSerdyukov,25549,0.08943831600481644,'[1, 92, 8, 42, 89, 31, 80, 56, 97, 26, 65, 66, 4, 75, 19, 53, 70, 22, 94, 16, 88, 79, 18, 24, 38, 36, 99, 12, 55, 83, 34, 29, 46, 3, 43, 14, 71, 41, 100, 48, 82, 95, 13, 33, 76, 37, 5, 78, 52, 96, 39, 30, 85, 68, 73, 69, 50, 44, 2, 54, 40, 64, 81, 25, 61, 67, 28, 93, 58, 51, 87, 9, 7, 57, 20, 27, 86, 35, 62, 60, 77, 23, 98, 91, 45, 32, 47, 11, 17, 15, 74, 59, 21, 72, 10, 84, 90, 49, 6, 63]'
kroA100,2-OPT,22555,1.9780000989994733,'[1, 92, 8, 42, 89, 31, 80, 56, 97, 65, 26, 66, 4, 75, 19, 53, 70, 22, 94, 16, 88, 79, 18, 24, 38, 99, 36, 59, 74, 17, 15, 11, 32, 45, 91, 98, 23, 60, 62, 77, 87, 9, 7, 57, 20, 86, 35, 27, 12, 55, 83, 34, 29, 46, 43, 3, 14, 71, 41, 100, 48, 52, 78, 96, 30, 39, 5, 37, 33, 76, 13, 95, 82, 85, 68, 73, 50, 44, 2, 54, 40, 64, 69, 81, 25, 51, 61, 58, 67, 28, 93, 47, 21, 72, 84, 10, 90, 49, 6, 63]'
kroA100,SimulatedAnnealing,22712,96.6448611090018,'[2, 54, 40, 64, 69, 67, 28, 93, 58, 61, 81, 25, 51, 87, 77, 23, 98, 91, 47, 72, 84, 10, 90, 79, 53, 19, 75, 49, 6, 63, 1, 92, 8, 42, 89, 31, 80, 56, 97, 4, 65, 26, 66, 70, 22, 16, 88, 94, 18, 24, 38, 99, 36, 21, 74, 59, 17, 15, 11, 32, 45, 60, 62, 35, 86, 27, 12, 20, 57, 9, 7, 55, 83, 34, 29, 46, 43, 3, 14, 71, 41, 100, 48, 30, 39, 96, 78, 52, 5, 37, 33, 76, 13, 95, 82, 50, 85, 68, 73, 44]'
kroA100,WangLeiAlgorithm,21292,157.88032149400533,'[7, 9, 57, 20, 12, 27, 86, 35, 62, 60, 77, 23, 98, 91, 45, 32, 11, 15, 17, 59, 74, 21, 72, 10, 84, 36, 99, 38, 24, 18, 79, 53, 88, 16, 94, 22, 70, 66, 26, 65, 4, 97, 56, 80, 31, 89, 42, 8, 92, 75, 19, 90, 49, 6, 63, 1, 47, 93, 28, 67, 58, 61, 51, 87, 25, 81, 69, 64, 40, 54, 2, 44, 50, 73, 68, 85, 30, 39, 82, 95, 13, 76, 33, 37, 5, 96, 78, 52, 48, 100, 41, 71, 14, 3, 43, 46, 29, 34, 83, 55]'
kroA100,GreedyNearestNeighbor,25877,0.005381680995924398,'[68, 85, 39, 30, 96, 78, 52, 5, 37, 33, 76, 13, 95, 82, 50, 44, 73, 69, 64, 40, 54, 2, 81, 25, 61, 51, 87, 9, 7, 57, 20, 12, 27, 86, 35, 62, 60, 77, 23, 98, 91, 45, 32, 11, 15, 17, 74, 21, 59, 72, 10, 84, 36, 38, 24, 18, 79, 53, 88, 16, 22, 94, 70, 66, 65, 4, 97, 56, 80, 31, 89, 42, 8, 92, 1, 63, 6, 49, 90, 19, 75, 26, 99, 47, 93, 28, 67, 58, 55, 83, 34, 29, 46, 3, 43, 14, 100, 71, 41, 48]'
kroA100,GeneticAlgorithm,21282,662.1134319740013,'[1, 47, 93, 28, 67, 58, 61, 51, 87, 25, 81, 69, 64, 40, 54, 2, 44, 50, 73, 68, 85, 82, 95, 13, 76, 33, 37, 5, 52, 78, 96, 39, 30, 48, 100, 41, 71, 14, 3, 43, 46, 29, 34, 83, 55, 7, 9, 57, 20, 12, 27, 86, 35, 62, 60, 77, 23, 98, 91, 45, 32, 11, 15, 17, 59, 74, 21, 72, 10, 84, 36, 99, 38, 24, 18, 79, 53, 88, 16, 94, 22, 70, 66, 26, 65, 4, 97, 56, 80, 31, 89, 42, 8, 92, 75, 19, 90, 49, 6, 63]'
kroA100,SimulatedAnnealing,22706,122.55081876600161,'[52, 48, 100, 41, 71, 14, 3, 43, 46, 29, 34, 83, 55, 12, 27, 86, 35, 62, 60, 77, 20, 57, 7, 9, 87, 51, 25, 81, 61, 58, 93, 28, 67, 8, 92, 75, 19, 90, 49, 6, 63, 1, 47, 91, 98, 23, 45, 32, 11, 15, 17, 59, 74, 21, 72, 10, 84, 36, 99, 38, 24, 18, 79, 53, 88, 16, 94, 22, 70, 66, 26, 65, 4, 97, 56, 80, 31, 42, 89, 54, 2, 40, 64, 69, 73, 68, 85, 50, 44, 82, 95, 13, 76, 33, 37, 5, 39, 30, 96, 78]'
kroA100,WangLeiAlgorithm,21282,174.9516978410029,'[15, 11, 32, 45, 91, 98, 23, 77, 60, 62, 35, 86, 27, 12, 20, 57, 9, 7, 55, 83, 34, 29, 46, 43, 3, 14, 71, 41, 100, 48, 30, 39, 96, 78, 52, 5, 37, 33, 76, 13, 95, 82, 85, 68, 73, 50, 44, 2, 54, 40, 64, 69, 81, 25, 87, 51, 61, 58, 67, 28, 93, 47, 1, 63, 6, 49, 90, 19, 75, 92, 8, 42, 89, 31, 80, 56, 97, 4, 65, 26, 66, 70, 22, 94, 16, 88, 53, 79, 18, 24, 38, 99, 36, 84, 10, 72, 21, 74, 59, 17]'
kroA100,GreedyNearestNeighbor,25995,0.005418984997959342,'[39, 30, 96, 78, 52, 5, 37, 33, 76, 13, 95, 82, 50, 44, 73, 68, 85, 81, 25, 61, 51, 87, 9, 7, 57, 20, 12, 27, 86, 35, 62, 60, 77, 23, 98, 91, 45, 32, 11, 15, 17, 74, 21, 59, 72, 10, 84, 36, 38, 24, 18, 79, 53, 88, 16, 22, 94, 70, 66, 65, 4, 97, 56, 80, 31, 89, 42, 8, 92, 1, 63, 6, 49, 90, 19, 75, 26, 99, 47, 93, 28, 67, 58, 69, 64, 40, 54, 2, 34, 83, 55, 46, 3, 43, 29, 14, 100, 71, 41, 48]'
kroA100,GeneticAlgorithm,21389,507.59287748300267,'[1, 47, 93, 28, 67, 58, 61, 51, 87, 25, 81, 69, 64, 40, 54, 2, 44, 50, 73, 68, 85, 30, 39, 82, 95, 13, 76, 33, 37, 5, 96, 78, 52, 48, 100, 41, 71, 14, 3, 43, 46, 29, 34, 83, 55, 7, 9, 57, 20, 12, 27, 86, 35, 62, 60, 77, 23, 98, 91, 45, 32, 11, 15, 17, 59, 74, 21, 72, 10, 84, 36, 99, 38, 24, 18, 79, 53, 88, 16, 94, 22, 70, 66, 26, 65, 4, 19, 75, 97, 56, 80, 31, 89, 42, 8, 92, 6, 49, 90, 63]'
kroA100,SimulatedAnnealing,22019,126.66250175599998,'[21, 74, 59, 17, 15, 11, 32, 47, 91, 45, 98, 23, 77, 60, 62, 35, 86, 27, 12, 20, 57, 7, 9, 87, 51, 68, 85, 39, 30, 29, 34, 83, 55, 46, 43, 3, 14, 71, 41, 100, 48, 52, 78, 96, 5, 37, 33, 76, 13, 95, 82, 2, 54, 40, 64, 44, 50, 73, 69, 81, 25, 61, 58, 67, 28, 93, 1, 63, 90, 49, 6, 92, 8, 42, 89, 31, 80, 56, 97, 75, 19, 4, 65, 26, 66, 70, 22, 94, 16, 88, 53, 79, 18, 24, 38, 99, 36, 84, 10, 72]'
kroA100,WangLeiAlgorithm,21282,143.2594384979966,'[84, 36, 99, 38, 24, 18, 79, 53, 88, 16, 94, 22, 70, 66, 26, 65, 4, 97, 56, 80, 31, 89, 42, 8, 92, 75, 19, 90, 49, 6, 63, 1, 47, 93, 28, 67, 58, 61, 51, 87, 25, 81, 69, 64, 40, 54, 2, 44, 50, 73, 68, 85, 82, 95, 13, 76, 33, 37, 5, 52, 78, 96, 39, 30, 48, 100, 41, 71, 14, 3, 43, 46, 29, 34, 83, 55, 7, 9, 57, 20, 12, 27, 86, 35, 62, 60, 77, 23, 98, 91, 45, 32, 11, 15, 17, 59, 74, 21, 72, 10]'
kroA100,GreedyNearestNeighbor,26912,0.0054212780014495365,'[86, 27, 12, 20, 57, 7, 9, 87, 51, 61, 25, 81, 69, 73, 50, 44, 2, 54, 40, 64, 68, 85, 39, 30, 96, 78, 52, 5, 37, 33, 76, 13, 95, 82, 48, 100, 71, 41, 14, 3, 46, 29, 34, 83, 55, 35, 62, 60, 77, 23, 98, 91, 45, 32, 11, 15, 17, 74, 21, 59, 72, 10, 84, 36, 38, 24, 18, 79, 53, 88, 16, 22, 94, 70, 66, 65, 4, 97, 56, 80, 31, 89, 42, 8, 92, 1, 63, 6, 49, 90, 19, 75, 26, 99, 47, 93, 28, 67, 58, 43]'
kroA100,GeneticAlgorithm,21379,480.36107453499426,'[1, 47, 93, 28, 67, 58, 61, 51, 87, 25, 81, 69, 64, 40, 54, 2, 44, 50, 73, 68, 85, 82, 95, 13, 76, 33, 37, 5, 52, 78, 96, 39, 30, 48, 100, 41, 71, 14, 3, 43, 46, 29, 34, 83, 55, 7, 9, 57, 20, 12, 27, 86, 35, 62, 60, 77, 23, 98, 91, 45, 32, 11, 15, 17, 59, 74, 21, 72, 10, 84, 36, 99, 38, 24, 18, 79, 53, 88, 16, 94, 22, 70, 66, 26, 65, 4, 19, 75, 97, 56, 80, 31, 89, 42, 8, 92, 6, 49, 90, 63]'
kroA100,SimulatedAnnealing,22138,108.21362317499734,'[31, 89, 42, 8, 92, 1, 93, 28, 67, 58, 61, 69, 64, 40, 54, 2, 44, 73, 50, 82, 95, 13, 76, 33, 37, 5, 96, 78, 52, 48, 100, 41, 71, 14, 3, 43, 46, 34, 29, 30, 39, 85, 68, 81, 25, 51, 87, 57, 9, 7, 83, 55, 12, 20, 27, 86, 35, 62, 60, 77, 23, 98, 45, 91, 47, 32, 11, 15, 17, 59, 74, 21, 72, 10, 84, 36, 99, 38, 24, 18, 79, 90, 49, 6, 63, 75, 19, 53, 88, 16, 94, 22, 70, 66, 26, 65, 4, 97, 56, 80]'
kroA100,WangLeiAlgorithm,21282,168.9366606439944,'[41, 71, 14, 3, 43, 46, 29, 34, 83, 55, 7, 9, 57, 20, 12, 27, 86, 35, 62, 60, 77, 23, 98, 91, 45, 32, 11, 15, 17, 59, 74, 21, 72, 10, 84, 36, 99, 38, 24, 18, 79, 53, 88, 16, 94, 22, 70, 66, 26, 65, 4, 97, 56, 80, 31, 89, 42, 8, 92, 75, 19, 90, 49, 6, 63, 1, 47, 93, 28, 67, 58, 61, 51, 87, 25, 81, 69, 64, 40, 54, 2, 44, 50, 73, 68, 85, 82, 95, 13, 76, 33, 37, 5, 52, 78, 96, 39, 30, 48, 100]'
kroA100,GreedyNearestNeighbor,26782,0.005452987003081944,'[60, 62, 77, 23, 98, 91, 45, 32, 11, 15, 17, 74, 21, 59, 72, 10, 84, 36, 38, 24, 18, 79, 53, 88, 16, 22, 94, 70, 66, 65, 4, 97, 56, 80, 31, 89, 42, 8, 92, 1, 63, 6, 49, 90, 19, 75, 26, 99, 47, 93, 28, 67, 58, 61, 25, 81, 69, 73, 50, 44, 2, 54, 40, 64, 68, 85, 39, 30, 96, 78, 52, 5, 37, 33, 76, 13, 95, 82, 48, 100, 71, 41, 14, 3, 46, 29, 34, 83, 55, 12, 27, 86, 35, 20, 57, 7, 9, 87, 51, 43]'
kroA100,GeneticAlgorithm,21379,542.8485792520005,'[1, 63, 90, 49, 6, 92, 8, 42, 89, 31, 80, 56, 97, 75, 19, 4, 65, 26, 66, 70, 22, 94, 16, 88, 53, 79, 18, 24, 38, 99, 36, 84, 10, 72, 21, 74, 59, 17, 15, 11, 32, 45, 91, 98, 23, 77, 60, 62, 35, 86, 27, 12, 20, 57, 9, 7, 55, 83, 34, 29, 46, 43, 3, 14, 71, 41, 100, 48, 30, 39, 96, 78, 52, 5, 37, 33, 76, 13, 95, 82, 85, 68, 73, 50, 44, 2, 54, 40, 64, 69, 81, 25, 87, 51, 61, 58, 67, 28, 93, 47]'
kroA100,SimulatedAnnealing,21786,96.18182442900434,'[89, 56, 97, 75, 19, 4, 65, 26, 66, 70, 22, 94, 16, 88, 53, 79, 18, 24, 38, 99, 36, 84, 10, 90, 49, 6, 63, 47, 72, 21, 74, 59, 17, 15, 11, 32, 45, 91, 98, 23, 77, 60, 62, 20, 86, 35, 27, 12, 57, 51, 87, 9, 7, 55, 83, 34, 29, 46, 43, 3, 14, 71, 41, 100, 48, 30, 39, 96, 78, 52, 5, 37, 33, 76, 13, 95, 82, 50, 85, 68, 73, 44, 2, 54, 40, 64, 69, 81, 25, 61, 58, 67, 28, 93, 1, 92, 8, 42, 80, 31]'
kroA100,WangLeiAlgorithm,21292,143.24138239499734,'[38, 99, 36, 84, 10, 72, 21, 74, 59, 17, 15, 11, 32, 45, 91, 98, 23, 77, 60, 62, 35, 86, 27, 12, 20, 57, 9, 7, 55, 83, 34, 29, 46, 43, 3, 14, 71, 41, 100, 48, 52, 78, 96, 5, 37, 33, 76, 13, 95, 82, 39, 30, 85, 68, 73, 50, 44, 2, 54, 40, 64, 69, 81, 25, 87, 51, 61, 58, 67, 28, 93, 47, 1, 63, 6, 49, 90, 19, 75, 92, 8, 42, 89, 31, 80, 56, 97, 4, 65, 26, 66, 70, 22, 94, 16, 88, 53, 79, 18, 24]'
kroA100,GreedyNearestNeighbor,25943,0.005437708001409192,'[51, 87, 9, 7, 57, 20, 12, 27, 86, 35, 62, 60, 77, 23, 98, 91, 45, 32, 11, 15, 17, 74, 21, 59, 72, 10, 84, 36, 38, 24, 18, 79, 53, 88, 16, 22, 94, 70, 66, 65, 4, 97, 56, 80, 31, 89, 42, 8, 92, 1, 63, 6, 49, 90, 19, 75, 26, 99, 47, 93, 28, 67, 58, 61, 25, 81, 69, 73, 50, 44, 2, 54, 40, 64, 68, 85, 39, 30, 96, 78, 52, 5, 37, 33, 76, 13, 95, 82, 48, 100, 71, 41, 14, 3, 46, 29, 34, 83, 55, 43]'
kroA100,GeneticAlgorithm,21383,448.6745653629987,'[1, 47, 93, 28, 67, 58, 61, 25, 81, 69, 64, 40, 54, 2, 44, 50, 73, 68, 85, 30, 39, 82, 95, 13, 76, 33, 37, 5, 96, 78, 52, 48, 100, 41, 71, 14, 3, 43, 46, 29, 34, 83, 55, 12, 27, 35, 86, 20, 57, 7, 9, 87, 51, 77, 62, 60, 23, 98, 91, 45, 32, 11, 15, 17, 59, 74, 21, 72, 10, 84, 36, 99, 38, 24, 18, 79, 53, 88, 16, 94, 22, 70, 66, 26, 65, 4, 97, 56, 80, 31, 89, 42, 8, 92, 75, 19, 90, 49, 6, 63]'
kroA100,SimulatedAnnealing,22638,114.79810617500334,'[59, 74, 21, 36, 99, 38, 24, 18, 79, 53, 88, 16, 94, 22, 70, 66, 26, 65, 4, 97, 56, 75, 19, 90, 10, 84, 72, 47, 1, 63, 6, 49, 92, 8, 42, 80, 31, 89, 67, 28, 93, 58, 69, 73, 50, 44, 64, 40, 54, 2, 82, 95, 13, 76, 33, 37, 5, 96, 78, 52, 48, 100, 41, 71, 14, 3, 43, 46, 29, 30, 39, 85, 68, 81, 25, 61, 51, 87, 57, 9, 7, 34, 83, 55, 12, 20, 27, 86, 35, 62, 60, 77, 23, 98, 91, 45, 32, 11, 15, 17]'
kroA100,WangLeiAlgorithm,21292,183.96178546600277,'[20, 12, 27, 86, 35, 62, 60, 77, 23, 98, 91, 45, 32, 11, 15, 17, 59, 74, 21, 72, 10, 84, 36, 99, 38, 24, 18, 79, 53, 88, 16, 94, 22, 70, 66, 26, 65, 4, 97, 56, 80, 31, 89, 42, 8, 92, 75, 19, 90, 49, 6, 63, 1, 47, 93, 28, 67, 58, 61, 51, 87, 25, 81, 69, 64, 40, 54, 2, 44, 50, 73, 68, 85, 30, 39, 82, 95, 13, 76, 33, 37, 5, 96, 78, 52, 48, 100, 41, 71, 14, 3, 43, 46, 29, 34, 83, 55, 7, 9, 57]'
kroA100,GreedyNearestNeighbor,26478,0.005496603997016791,'[70, 22, 16, 88, 94, 18, 24, 38, 36, 99, 84, 10, 72, 21, 74, 59, 17, 15, 11, 32, 91, 98, 23, 45, 47, 63, 6, 49, 90, 79, 53, 19, 75, 97, 56, 80, 31, 89, 42, 8, 92, 1, 93, 28, 67, 58, 61, 25, 81, 69, 73, 50, 44, 2, 54, 40, 64, 68, 85, 39, 30, 96, 78, 52, 5, 37, 33, 76, 13, 95, 82, 48, 100, 71, 41, 14, 3, 46, 29, 34, 83, 55, 12, 27, 86, 35, 20, 57, 7, 9, 87, 51, 77, 60, 62, 43, 4, 65, 66, 26]'
kroA100,GeneticAlgorithm,21480,529.0875210580052,'[1, 47, 93, 28, 67, 58, 61, 25, 81, 69, 64, 40, 54, 2, 44, 50, 73, 68, 85, 30, 39, 82, 95, 13, 76, 33, 37, 5, 96, 78, 52, 48, 100, 41, 71, 14, 3, 43, 46, 29, 34, 83, 55, 12, 27, 35, 86, 20, 57, 7, 9, 87, 51, 77, 62, 60, 23, 98, 91, 45, 32, 11, 15, 17, 59, 74, 21, 72, 10, 84, 36, 99, 38, 24, 18, 79, 53, 88, 16, 94, 22, 70, 66, 26, 65, 4, 19, 75, 97, 56, 80, 31, 89, 42, 8, 92, 6, 49, 90, 63]'
kroA100,SimulatedAnnealing,21977,130.6479258440013,'[28, 67, 58, 61, 81, 25, 51, 87, 57, 9, 7, 34, 29, 30, 39, 85, 68, 50, 44, 73, 69, 64, 40, 54, 2, 82, 95, 13, 76, 33, 37, 5, 96, 78, 52, 48, 100, 41, 71, 14, 3, 43, 46, 83, 55, 12, 20, 27, 86, 35, 62, 60, 77, 23, 98, 45, 91, 47, 32, 11, 15, 17, 59, 74, 21, 72, 10, 84, 36, 99, 38, 24, 18, 79, 53, 88, 16, 94, 22, 70, 66, 26, 65, 4, 19, 75, 97, 56, 80, 31, 89, 42, 8, 92, 6, 49, 90, 63, 1, 93]'
kroA100,WangLeiAlgorithm,21282,154.87249511299888,'[73, 68, 85, 82, 95, 13, 76, 33, 37, 5, 52, 78, 96, 39, 30, 48, 100, 41, 71, 14, 3, 43, 46, 29, 34, 83, 55, 7, 9, 57, 20, 12, 27, 86, 35, 62, 60, 77, 23, 98, 91, 45, 32, 11, 15, 17, 59, 74, 21, 72, 10, 84, 36, 99, 38, 24, 18, 79, 53, 88, 16, 94, 22, 70, 66, 26, 65, 4, 97, 56, 80, 31, 89, 42, 8, 92, 75, 19, 90, 49, 6, 63, 1, 47, 93, 28, 67, 58, 61, 51, 87, 25, 81, 69, 64, 40, 54, 2, 44, 50]'
kroA100,GreedyNearestNeighbor,26486,0.005338638002285734,'[53, 79, 18, 24, 38, 36, 99, 84, 10, 72, 21, 74, 59, 17, 15, 11, 32, 91, 98, 23, 45, 47, 63, 6, 49, 90, 19, 75, 97, 56, 80, 31, 89, 42, 8, 92, 1, 93, 28, 67, 58, 61, 25, 81, 69, 73, 50, 44, 2, 54, 40, 64, 68, 85, 39, 30, 96, 78, 52, 5, 37, 33, 76, 13, 95, 82, 48, 100, 71, 41, 14, 3, 46, 29, 34, 83, 55, 12, 27, 86, 35, 20, 57, 7, 9, 87, 51, 77, 60, 62, 43, 4, 65, 66, 26, 70, 22, 16, 88, 94]'
kroA100,GeneticAlgorithm,21292,585.7508942009954,'[1, 47, 93, 28, 67, 58, 61, 51, 87, 25, 81, 69, 64, 40, 54, 2, 44, 50, 73, 68, 85, 30, 39, 82, 95, 13, 76, 33, 37, 5, 96, 78, 52, 48, 100, 41, 71, 14, 3, 43, 46, 29, 34, 83, 55, 7, 9, 57, 20, 12, 27, 86, 35, 62, 60, 77, 23, 98, 91, 45, 32, 11, 15, 17, 59, 74, 21, 72, 10, 84, 36, 99, 38, 24, 18, 79, 53, 88, 16, 94, 22, 70, 66, 26, 65, 4, 97, 56, 80, 31, 89, 42, 8, 92, 75, 19, 90, 49, 6, 63]'
kroA100,SimulatedAnnealing,22161,107.84826194900234,'[98, 60, 62, 35, 86, 27, 12, 55, 83, 34, 29, 46, 43, 3, 14, 71, 41, 100, 48, 30, 39, 96, 78, 52, 5, 37, 33, 76, 13, 95, 82, 50, 85, 68, 73, 44, 2, 54, 40, 64, 69, 81, 25, 61, 51, 87, 9, 7, 57, 20, 77, 58, 67, 28, 93, 1, 92, 8, 42, 89, 31, 80, 56, 97, 4, 65, 26, 66, 70, 22, 16, 88, 94, 18, 24, 38, 99, 36, 84, 10, 90, 79, 53, 19, 75, 49, 6, 63, 47, 72, 21, 74, 59, 17, 15, 11, 32, 45, 91, 23]'
kroA100,WangLeiAlgorithm,21282,154.90874685699964,'[42, 89, 31, 80, 56, 97, 4, 65, 26, 66, 70, 22, 94, 16, 88, 53, 79, 18, 24, 38, 99, 36, 84, 10, 72, 21, 74, 59, 17, 15, 11, 32, 45, 91, 98, 23, 77, 60, 62, 35, 86, 27, 12, 20, 57, 9, 7, 55, 83, 34, 29, 46, 43, 3, 14, 71, 41, 100, 48, 30, 39, 96, 78, 52, 5, 37, 33, 76, 13, 95, 82, 85, 68, 73, 50, 44, 2, 54, 40, 64, 69, 81, 25, 87, 51, 61, 58, 67, 28, 93, 47, 1, 63, 6, 49, 90, 19, 75, 92, 8]'
kroA100,GreedyNearestNeighbor,26486,0.005506348003109451,'[53, 79, 18, 24, 38, 36, 99, 84, 10, 72, 21, 74, 59, 17, 15, 11, 32, 91, 98, 23, 45, 47, 63, 6, 49, 90, 19, 75, 97, 56, 80, 31, 89, 42, 8, 92, 1, 93, 28, 67, 58, 61, 25, 81, 69, 73, 50, 44, 2, 54, 40, 64, 68, 85, 39, 30, 96, 78, 52, 5, 37, 33, 76, 13, 95, 82, 48, 100, 71, 41, 14, 3, 46, 29, 34, 83, 55, 12, 27, 86, 35, 20, 57, 7, 9, 87, 51, 77, 60, 62, 43, 4, 65, 66, 26, 70, 22, 16, 88, 94]'
kroA100,GeneticAlgorithm,21292,564.3218483249948,'[1, 47, 93, 28, 67, 58, 61, 51, 87, 25, 81, 69, 64, 40, 54, 2, 44, 50, 73, 68, 85, 30, 39, 82, 95, 13, 76, 33, 37, 5, 96, 78, 52, 48, 100, 41, 71, 14, 3, 43, 46, 29, 34, 83, 55, 7, 9, 57, 20, 12, 27, 86, 35, 62, 60, 77, 23, 98, 91, 45, 32, 11, 15, 17, 59, 74, 21, 72, 10, 84, 36, 99, 38, 24, 18, 79, 53, 88, 16, 94, 22, 70, 66, 26, 65, 4, 97, 56, 80, 31, 89, 42, 8, 92, 75, 19, 90, 49, 6, 63]'
kroA100,SimulatedAnnealing,22972,104.82517740700132,'[51, 91, 47, 93, 28, 58, 67, 1, 63, 90, 49, 6, 92, 8, 42, 89, 31, 80, 56, 97, 75, 19, 4, 65, 26, 66, 70, 22, 94, 16, 88, 53, 79, 18, 24, 38, 99, 36, 84, 10, 72, 21, 74, 59, 17, 15, 11, 32, 45, 98, 23, 77, 60, 62, 35, 86, 27, 20, 12, 55, 83, 34, 7, 9, 57, 87, 25, 81, 68, 85, 39, 30, 29, 46, 43, 3, 14, 71, 41, 100, 48, 52, 78, 96, 5, 37, 33, 76, 13, 95, 82, 50, 73, 44, 2, 54, 40, 64, 69, 61]'
kroA100,WangLeiAlgorithm,21292,293.4065871269995,'[21, 74, 59, 17, 15, 11, 32, 45, 91, 98, 23, 77, 60, 62, 35, 86, 27, 12, 20, 57, 9, 7, 55, 83, 34, 29, 46, 43, 3, 14, 71, 41, 100, 48, 52, 78, 96, 5, 37, 33, 76, 13, 95, 82, 39, 30, 85, 68, 73, 50, 44, 2, 54, 40, 64, 69, 81, 25, 87, 51, 61, 58, 67, 28, 93, 47, 1, 63, 6, 49, 90, 19, 75, 92, 8, 42, 89, 31, 80, 56, 97, 4, 65, 26, 66, 70, 22, 94, 16, 88, 53, 79, 18, 24, 38, 99, 36, 84, 10, 72]'
kroA100,GreedyNearestNeighbor,26785,0.0054860620002727956,'[22, 16, 88, 94, 70, 53, 79, 18, 24, 38, 36, 99, 84, 10, 72, 21, 74, 59, 17, 15, 11, 32, 91, 98, 23, 45, 47, 63, 6, 49, 90, 19, 75, 97, 56, 80, 31, 89, 42, 8, 92, 1, 93, 28, 67, 58, 61, 25, 81, 69, 73, 50, 44, 2, 54, 40, 64, 68, 85, 39, 30, 96, 78, 52, 5, 37, 33, 76, 13, 95, 82, 48, 100, 71, 41, 14, 3, 46, 29, 34, 83, 55, 12, 27, 86, 35, 20, 57, 7, 9, 87, 51, 77, 60, 62, 43, 4, 65, 66, 26]'
kroA100,GeneticAlgorithm,21470,872.9789820509977,'[1, 47, 93, 28, 67, 58, 61, 25, 81, 69, 64, 40, 54, 2, 44, 50, 73, 68, 85, 82, 95, 13, 76, 33, 37, 5, 52, 78, 96, 39, 30, 48, 100, 41, 71, 14, 3, 43, 46, 29, 34, 83, 55, 12, 27, 35, 86, 20, 57, 7, 9, 87, 51, 77, 62, 60, 23, 98, 91, 45, 32, 11, 15, 17, 59, 74, 21, 72, 10, 84, 36, 99, 38, 24, 18, 79, 53, 88, 16, 94, 22, 70, 66, 26, 65, 4, 19, 75, 97, 56, 80, 31, 89, 42, 8, 92, 6, 49, 90, 63]'
kroA100,SimulatedAnnealing,22843,150.91630653299944,'[47, 91, 98, 23, 77, 51, 87, 57, 7, 9, 85, 68, 81, 25, 61, 69, 73, 50, 44, 64, 40, 54, 2, 82, 95, 13, 76, 33, 37, 5, 52, 78, 96, 39, 30, 48, 100, 41, 71, 14, 3, 43, 46, 29, 34, 83, 55, 12, 20, 27, 86, 35, 62, 60, 45, 32, 11, 15, 17, 59, 74, 21, 72, 10, 84, 36, 99, 38, 24, 18, 79, 53, 88, 16, 94, 22, 70, 66, 26, 65, 4, 97, 56, 75, 19, 90, 49, 6, 63, 1, 92, 8, 42, 80, 31, 89, 67, 58, 28, 93]'
kroA100,WangLeiAlgorithm,21282,575.7839773730011,'[21, 72, 10, 84, 36, 99, 38, 24, 18, 79, 53, 88, 16, 94, 22, 70, 66, 26, 65, 4, 97, 56, 80, 31, 89, 42, 8, 92, 75, 19, 90, 49, 6, 63, 1, 47, 93, 28, 67, 58, 61, 51, 87, 25, 81, 69, 64, 40, 54, 2, 44, 50, 73, 68, 85, 82, 95, 13, 76, 33, 37, 5, 52, 78, 96, 39, 30, 48, 100, 41, 71, 14, 3, 43, 46, 29, 34, 83, 55, 7, 9, 57, 20, 12, 27, 86, 35, 62, 60, 77, 23, 98, 91, 45, 32, 11, 15, 17, 59, 74]'
kroA100,GreedyNearestNeighbor,27915,0.00552783199964324,'[59, 74, 21, 72, 10, 84, 36, 38, 24, 18, 79, 53, 88, 16, 22, 94, 70, 66, 65, 4, 97, 56, 80, 31, 89, 42, 8, 92, 1, 63, 6, 49, 90, 19, 75, 26, 99, 17, 15, 11, 32, 91, 98, 23, 45, 47, 93, 28, 67, 58, 61, 25, 81, 69, 73, 50, 44, 2, 54, 40, 64, 68, 85, 39, 30, 96, 78, 52, 5, 37, 33, 76, 13, 95, 82, 48, 100, 71, 41, 14, 3, 46, 29, 34, 83, 55, 12, 27, 86, 35, 20, 57, 7, 9, 87, 51, 77, 60, 62, 43]'
kroA100,GeneticAlgorithm,21470,513.2658078059976,'[1, 47, 93, 28, 67, 58, 61, 25, 81, 69, 64, 40, 54, 2, 44, 50, 73, 68, 85, 82, 95, 13, 76, 33, 37, 5, 52, 78, 96, 39, 30, 48, 100, 41, 71, 14, 3, 43, 46, 29, 34, 83, 55, 12, 27, 35, 86, 20, 57, 7, 9, 87, 51, 77, 62, 60, 23, 98, 91, 45, 32, 11, 15, 17, 59, 74, 21, 72, 10, 84, 36, 99, 38, 24, 18, 79, 53, 88, 16, 94, 22, 70, 66, 26, 65, 4, 19, 75, 97, 56, 80, 31, 89, 42, 8, 92, 6, 49, 90, 63]'
kroB100,ChristofidesSerdyukov,25270,0.061426822998328134,'[1, 90, 21, 98, 32, 59, 76, 99, 29, 8, 97, 91, 28, 3, 11, 93, 85, 73, 53, 70, 39, 40, 67, 5, 62, 26, 69, 75, 30, 38, 20, 80, 49, 86, 68, 10, 100, 56, 81, 79, 47, 65, 37, 72, 88, 22, 23, 55, 50, 43, 77, 18, 24, 16, 2, 13, 63, 31, 48, 51, 44, 92, 19, 96, 36, 45, 17, 41, 78, 42, 14, 64, 82, 33, 15, 6, 4, 83, 66, 74, 60, 87, 89, 52, 54, 58, 84, 7, 57, 34, 94, 61, 35, 27, 46, 25, 9, 71, 12, 95]'
kroB100,2-OPT,23152,1.407888413996261,'[1, 21, 90, 12, 71, 46, 25, 9, 27, 61, 35, 94, 57, 34, 7, 84, 58, 54, 52, 43, 89, 87, 60, 74, 66, 4, 83, 6, 15, 33, 82, 64, 14, 42, 63, 48, 51, 31, 41, 44, 19, 92, 96, 36, 45, 17, 78, 13, 2, 16, 18, 24, 77, 50, 55, 22, 23, 88, 72, 37, 65, 47, 79, 81, 56, 100, 75, 30, 80, 20, 38, 49, 86, 10, 68, 69, 26, 62, 5, 67, 40, 39, 70, 53, 73, 85, 93, 11, 3, 28, 91, 97, 99, 8, 29, 76, 59, 32, 98, 95]'
kroB100,SimulatedAnnealing,23170,126.64022412499617,'[39, 53, 73, 85, 93, 11, 3, 28, 91, 97, 76, 99, 8, 29, 59, 32, 98, 12, 95, 1, 90, 21, 10, 68, 86, 49, 38, 46, 25, 9, 71, 27, 61, 35, 66, 87, 60, 74, 94, 57, 34, 7, 84, 58, 52, 54, 50, 43, 89, 83, 4, 6, 15, 33, 64, 14, 42, 82, 51, 48, 31, 63, 13, 2, 16, 78, 17, 41, 44, 19, 92, 96, 36, 45, 18, 24, 77, 55, 22, 23, 88, 47, 81, 79, 65, 37, 72, 20, 80, 30, 75, 69, 26, 100, 56, 62, 5, 67, 40, 70]'
kroB100,WangLeiAlgorithm,22338,204.89338461299485,'[63, 31, 48, 51, 82, 42, 14, 64, 33, 15, 6, 83, 4, 66, 87, 89, 43, 60, 74, 57, 94, 35, 61, 27, 71, 12, 1, 95, 98, 32, 59, 76, 29, 8, 99, 97, 91, 28, 3, 11, 93, 85, 73, 53, 70, 39, 40, 67, 5, 62, 69, 26, 100, 56, 81, 79, 47, 65, 37, 72, 38, 20, 80, 75, 30, 49, 86, 68, 10, 21, 90, 46, 25, 9, 34, 7, 84, 58, 52, 54, 88, 23, 22, 55, 50, 77, 24, 18, 45, 36, 96, 92, 19, 44, 41, 17, 78, 16, 2, 13]'
kroB100,GreedyNearestNeighbor,27754,0.006438930002332199,'[57, 94, 61, 35, 27, 71, 12, 98, 95, 1, 90, 21, 86, 49, 30, 75, 80, 20, 38, 46, 25, 9, 34, 7, 84, 58, 52, 54, 43, 89, 87, 60, 74, 66, 4, 83, 6, 15, 33, 82, 64, 14, 42, 2, 13, 78, 17, 45, 36, 96, 92, 19, 44, 41, 18, 24, 77, 16, 50, 55, 22, 23, 88, 37, 72, 65, 79, 81, 47, 56, 100, 26, 69, 62, 5, 67, 40, 39, 70, 53, 73, 85, 93, 11, 3, 28, 91, 97, 99, 8, 29, 32, 59, 76, 10, 68, 63, 31, 48, 51]'
kroB100,GeneticAlgorithm,22364,748.4514755810014,'[1, 21, 90, 12, 71, 46, 25, 9, 27, 61, 35, 94, 57, 34, 7, 84, 58, 52, 43, 89, 87, 60, 74, 66, 4, 83, 6, 15, 33, 64, 14, 42, 82, 51, 48, 31, 63, 13, 2, 16, 78, 17, 41, 44, 19, 92, 96, 36, 45, 18, 24, 77, 50, 55, 22, 23, 88, 54, 72, 37, 65, 47, 81, 79, 75, 30, 80, 20, 38, 49, 86, 10, 68, 69, 26, 100, 56, 62, 5, 67, 40, 39, 70, 53, 73, 85, 93, 11, 3, 28, 91, 97, 99, 8, 29, 76, 59, 32, 98, 95]'
kroB100,SimulatedAnnealing,23248,114.27043399399554,'[82, 64, 14, 42, 2, 16, 77, 24, 18, 45, 36, 96, 92, 19, 44, 41, 17, 78, 13, 63, 31, 48, 51, 15, 6, 4, 87, 60, 74, 66, 35, 61, 71, 12, 98, 32, 59, 76, 29, 8, 99, 97, 91, 28, 93, 11, 3, 95, 1, 90, 21, 46, 25, 9, 27, 94, 57, 34, 7, 84, 58, 52, 54, 37, 72, 38, 20, 80, 75, 30, 49, 86, 68, 10, 85, 73, 53, 70, 39, 40, 67, 5, 62, 69, 26, 100, 56, 81, 79, 65, 47, 88, 23, 22, 55, 50, 43, 89, 83, 33]'
kroB100,WangLeiAlgorithm,22234,163.95366590599588,'[14, 42, 82, 51, 48, 31, 63, 13, 2, 16, 78, 17, 41, 44, 19, 92, 96, 36, 45, 18, 24, 77, 50, 55, 22, 23, 88, 54, 72, 37, 65, 47, 79, 81, 56, 100, 26, 69, 62, 5, 67, 40, 39, 70, 53, 73, 85, 93, 11, 3, 28, 91, 97, 99, 8, 29, 76, 59, 32, 98, 12, 95, 1, 90, 21, 10, 68, 86, 49, 30, 75, 80, 20, 38, 46, 25, 9, 71, 27, 61, 35, 94, 57, 34, 7, 84, 58, 52, 43, 89, 60, 74, 66, 87, 83, 4, 6, 15, 33, 64]'
kroB100,GreedyNearestNeighbor,26824,0.0054149130010046065,'[42, 2, 13, 78, 17, 45, 36, 96, 92, 19, 44, 41, 18, 24, 77, 16, 14, 64, 82, 33, 15, 6, 4, 83, 87, 60, 74, 66, 94, 57, 34, 7, 84, 58, 52, 54, 43, 89, 50, 55, 22, 23, 88, 37, 72, 65, 79, 81, 47, 56, 100, 26, 69, 62, 5, 67, 40, 39, 70, 53, 73, 85, 93, 11, 3, 28, 91, 97, 99, 8, 29, 32, 59, 76, 98, 12, 71, 27, 61, 35, 9, 25, 46, 90, 1, 95, 21, 86, 49, 30, 75, 80, 20, 38, 68, 10, 63, 31, 48, 51]'
kroB100,GeneticAlgorithm,22364,546.3163563510025,'[1, 21, 90, 12, 71, 46, 25, 9, 27, 61, 35, 94, 57, 34, 7, 84, 58, 52, 43, 89, 87, 60, 74, 66, 4, 83, 6, 15, 33, 64, 14, 42, 82, 51, 48, 31, 63, 13, 2, 16, 78, 17, 41, 44, 19, 92, 96, 36, 45, 18, 24, 77, 50, 55, 22, 23, 88, 54, 72, 37, 65, 47, 81, 79, 75, 30, 80, 20, 38, 49, 86, 10, 68, 69, 26, 100, 56, 62, 5, 67, 40, 39, 70, 53, 73, 85, 93, 11, 3, 28, 91, 97, 99, 8, 29, 76, 59, 32, 98, 95]'
kroB100,SimulatedAnnealing,22853,117.1878911620006,'[36, 45, 17, 78, 16, 2, 13, 63, 31, 48, 51, 82, 42, 14, 64, 33, 15, 6, 4, 83, 87, 66, 74, 60, 94, 57, 34, 27, 61, 35, 71, 9, 25, 46, 38, 20, 80, 75, 30, 49, 86, 68, 10, 21, 90, 1, 95, 12, 98, 32, 59, 76, 29, 8, 99, 97, 91, 28, 3, 11, 93, 85, 73, 53, 70, 39, 40, 67, 5, 62, 69, 26, 100, 56, 81, 79, 47, 65, 37, 72, 7, 84, 58, 54, 52, 43, 89, 50, 88, 23, 22, 55, 77, 24, 18, 96, 92, 19, 44, 41]'
kroB100,WangLeiAlgorithm,22199,194.67648548500438,'[40, 67, 5, 62, 69, 26, 100, 56, 81, 79, 47, 65, 37, 72, 54, 88, 23, 22, 55, 50, 77, 24, 18, 45, 36, 96, 92, 19, 44, 41, 17, 78, 16, 2, 13, 63, 31, 48, 51, 82, 42, 14, 64, 33, 15, 6, 83, 4, 66, 74, 60, 87, 89, 43, 52, 58, 84, 7, 34, 57, 94, 35, 61, 27, 71, 9, 25, 46, 38, 20, 80, 75, 30, 49, 86, 68, 10, 21, 90, 1, 95, 12, 98, 32, 59, 76, 29, 8, 99, 97, 91, 28, 3, 11, 93, 85, 73, 53, 70, 39]'
kroB100,GreedyNearestNeighbor,28461,0.005463244000566192,'[10, 68, 86, 49, 30, 75, 80, 20, 38, 46, 25, 9, 27, 61, 35, 94, 57, 34, 7, 84, 58, 52, 54, 43, 89, 87, 60, 74, 66, 4, 83, 6, 15, 33, 82, 64, 14, 42, 2, 13, 78, 17, 45, 36, 96, 92, 19, 44, 41, 18, 24, 77, 16, 50, 55, 22, 23, 88, 37, 72, 65, 79, 81, 47, 56, 100, 26, 69, 62, 5, 67, 40, 39, 70, 53, 73, 85, 93, 11, 3, 28, 91, 97, 99, 8, 29, 32, 59, 76, 98, 12, 71, 1, 95, 90, 21, 63, 31, 48, 51]'
kroB100,GeneticAlgorithm,22364,529.4473473620019,'[1, 21, 90, 12, 71, 46, 25, 9, 27, 61, 35, 94, 57, 34, 7, 84, 58, 52, 43, 89, 87, 60, 74, 66, 4, 83, 6, 15, 33, 64, 14, 42, 82, 51, 48, 31, 63, 13, 2, 16, 78, 17, 41, 44, 19, 92, 96, 36, 45, 18, 24, 77, 50, 55, 22, 23, 88, 54, 72, 37, 65, 47, 81, 79, 75, 30, 80, 20, 38, 49, 86, 10, 68, 69, 26, 100, 56, 62, 5, 67, 40, 39, 70, 53, 73, 85, 93, 11, 3, 28, 91, 97, 99, 8, 29, 76, 59, 32, 98, 95]'
kroB100,SimulatedAnnealing,23090,187.43046783000318,'[9, 25, 46, 38, 20, 80, 49, 86, 68, 10, 21, 90, 1, 95, 12, 98, 32, 59, 76, 29, 8, 99, 97, 91, 28, 3, 11, 93, 85, 73, 53, 70, 39, 40, 67, 5, 62, 69, 30, 75, 26, 100, 56, 81, 79, 47, 65, 37, 72, 58, 84, 7, 34, 57, 94, 74, 60, 87, 89, 43, 52, 54, 88, 23, 22, 55, 50, 77, 24, 18, 96, 92, 19, 44, 41, 36, 45, 17, 78, 16, 2, 13, 63, 31, 48, 51, 82, 42, 14, 64, 83, 33, 15, 6, 4, 66, 35, 61, 27, 71]'
kroB100,WangLeiAlgorithm,22199,162.9184446770014,'[69, 62, 5, 67, 40, 39, 70, 53, 73, 85, 93, 11, 3, 28, 91, 97, 99, 8, 29, 76, 59, 32, 98, 12, 95, 1, 90, 21, 10, 68, 86, 49, 30, 75, 80, 20, 38, 46, 25, 9, 71, 27, 61, 35, 94, 57, 34, 7, 84, 58, 52, 43, 89, 87, 60, 74, 66, 4, 83, 6, 15, 33, 64, 14, 42, 82, 51, 48, 31, 63, 13, 2, 16, 78, 17, 41, 44, 19, 92, 96, 36, 45, 18, 24, 77, 50, 55, 22, 23, 88, 54, 72, 37, 65, 47, 79, 81, 56, 100, 26]'
kroB100,GreedyNearestNeighbor,26638,0.005640436997055076,'[89, 43, 52, 54, 58, 84, 7, 57, 94, 61, 35, 27, 71, 12, 98, 95, 1, 90, 21, 86, 49, 30, 75, 80, 20, 38, 46, 25, 9, 34, 72, 37, 65, 79, 81, 47, 56, 100, 26, 69, 62, 5, 67, 40, 39, 70, 53, 73, 85, 93, 11, 3, 28, 91, 97, 99, 8, 29, 32, 59, 76, 10, 68, 74, 60, 87, 66, 4, 83, 6, 15, 33, 82, 64, 14, 42, 2, 13, 78, 17, 45, 36, 96, 92, 19, 44, 41, 18, 24, 77, 16, 50, 55, 22, 23, 88, 63, 31, 48, 51]'
kroB100,GeneticAlgorithm,22364,1021.0235203689954,'[1, 21, 90, 12, 71, 46, 25, 9, 27, 61, 35, 94, 57, 34, 7, 84, 58, 52, 43, 89, 87, 60, 74, 66, 4, 83, 6, 15, 33, 64, 14, 42, 82, 51, 48, 31, 63, 13, 2, 16, 78, 17, 41, 44, 19, 92, 96, 36, 45, 18, 24, 77, 50, 55, 22, 23, 88, 54, 72, 37, 65, 47, 81, 79, 75, 30, 80, 20, 38, 49, 86, 10, 68, 69, 26, 100, 56, 62, 5, 67, 40, 39, 70, 53, 73, 85, 93, 11, 3, 28, 91, 97, 99, 8, 29, 76, 59, 32, 98, 95]'
kroB100,SimulatedAnnealing,22905,142.56573330800165,'[66, 4, 83, 6, 15, 33, 64, 14, 42, 82, 51, 48, 31, 63, 13, 2, 16, 78, 17, 45, 36, 41, 44, 19, 92, 96, 18, 24, 77, 50, 89, 43, 52, 54, 55, 22, 23, 88, 72, 37, 65, 47, 79, 81, 56, 100, 26, 69, 62, 5, 67, 40, 39, 70, 53, 73, 85, 93, 11, 3, 28, 91, 97, 99, 8, 29, 76, 59, 32, 98, 12, 95, 1, 90, 21, 10, 68, 86, 49, 30, 75, 80, 20, 38, 46, 25, 9, 71, 27, 61, 35, 94, 57, 34, 7, 84, 58, 60, 74, 87]'
kroB100,WangLeiAlgorithm,22199,190.29975345599814,'[81, 56, 100, 26, 69, 62, 5, 67, 40, 39, 70, 53, 73, 85, 93, 11, 3, 28, 91, 97, 99, 8, 29, 76, 59, 32, 98, 12, 95, 1, 90, 21, 10, 68, 86, 49, 30, 75, 80, 20, 38, 46, 25, 9, 71, 27, 61, 35, 94, 57, 34, 7, 84, 58, 52, 43, 89, 87, 60, 74, 66, 4, 83, 6, 15, 33, 64, 14, 42, 82, 51, 48, 31, 63, 13, 2, 16, 78, 17, 41, 44, 19, 92, 96, 36, 45, 18, 24, 77, 50, 55, 22, 23, 88, 54, 72, 37, 65, 47, 79]'
kroB100,GreedyNearestNeighbor,29575,0.005438829000922851,'[91, 28, 97, 99, 8, 29, 32, 59, 76, 98, 12, 71, 27, 61, 35, 94, 57, 34, 7, 84, 58, 52, 54, 43, 89, 87, 60, 74, 66, 4, 83, 6, 15, 33, 82, 64, 14, 42, 2, 13, 78, 17, 45, 36, 96, 92, 19, 44, 41, 18, 24, 77, 16, 50, 55, 22, 23, 88, 37, 72, 65, 79, 81, 47, 56, 100, 26, 69, 62, 5, 67, 40, 39, 70, 53, 73, 85, 93, 11, 3, 95, 1, 90, 21, 86, 49, 30, 75, 80, 20, 38, 46, 25, 9, 68, 10, 63, 31, 48, 51]'
kroB100,GeneticAlgorithm,22364,813.5933911740067,'[1, 21, 90, 12, 71, 46, 25, 9, 27, 61, 35, 94, 57, 34, 7, 84, 58, 52, 43, 89, 87, 60, 74, 66, 4, 83, 6, 15, 33, 64, 14, 42, 82, 51, 48, 31, 63, 13, 2, 16, 78, 17, 41, 44, 19, 92, 96, 36, 45, 18, 24, 77, 50, 55, 22, 23, 88, 54, 72, 37, 65, 47, 81, 79, 75, 30, 80, 20, 38, 49, 86, 10, 68, 69, 26, 100, 56, 62, 5, 67, 40, 39, 70, 53, 73, 85, 93, 11, 3, 28, 91, 97, 99, 8, 29, 76, 59, 32, 98, 95]'
kroB100,SimulatedAnnealing,23010,149.50703573200008,'[70, 39, 40, 67, 5, 62, 69, 26, 100, 56, 81, 79, 65, 47, 88, 23, 22, 55, 77, 24, 18, 96, 92, 19, 44, 41, 36, 45, 17, 78, 13, 63, 31, 48, 51, 82, 33, 15, 6, 4, 83, 64, 14, 42, 2, 16, 50, 89, 43, 52, 54, 37, 72, 38, 20, 80, 75, 30, 49, 86, 68, 10, 21, 90, 46, 25, 9, 34, 7, 84, 58, 60, 87, 66, 74, 57, 94, 35, 61, 27, 71, 12, 1, 95, 98, 32, 59, 76, 29, 8, 99, 97, 91, 28, 3, 11, 93, 85, 73, 53]'
kroB100,WangLeiAlgorithm,22346,260.75332944700494,'[47, 81, 79, 65, 37, 72, 25, 9, 46, 90, 21, 10, 68, 86, 49, 38, 20, 80, 30, 75, 69, 26, 100, 56, 62, 5, 67, 40, 39, 70, 53, 73, 85, 93, 11, 3, 28, 91, 97, 99, 8, 29, 76, 59, 32, 98, 95, 1, 12, 71, 27, 61, 35, 94, 57, 34, 7, 84, 58, 54, 52, 43, 89, 60, 74, 66, 87, 83, 4, 6, 15, 33, 64, 14, 42, 82, 51, 48, 31, 63, 13, 2, 16, 78, 17, 45, 36, 41, 44, 19, 92, 96, 18, 24, 77, 50, 55, 22, 23, 88]'
kroB100,GreedyNearestNeighbor,27927,0.005383483003242873,'[27, 61, 35, 94, 57, 34, 7, 84, 58, 52, 54, 43, 89, 87, 60, 74, 66, 4, 83, 6, 15, 33, 82, 64, 14, 42, 2, 13, 78, 17, 45, 36, 96, 92, 19, 44, 41, 18, 24, 77, 16, 50, 55, 22, 23, 88, 37, 72, 65, 79, 81, 47, 56, 100, 26, 69, 62, 5, 67, 40, 39, 70, 53, 73, 85, 93, 11, 3, 28, 91, 97, 99, 8, 29, 32, 59, 76, 98, 12, 71, 9, 25, 46, 90, 1, 95, 21, 86, 49, 30, 75, 80, 20, 38, 68, 10, 63, 31, 48, 51]'
kroB100,GeneticAlgorithm,22364,889.0060550220005,'[1, 21, 90, 12, 71, 46, 25, 9, 27, 61, 35, 94, 57, 34, 7, 84, 58, 52, 43, 89, 87, 60, 74, 66, 4, 83, 6, 15, 33, 64, 14, 42, 82, 51, 48, 31, 63, 13, 2, 16, 78, 17, 41, 44, 19, 92, 96, 36, 45, 18, 24, 77, 50, 55, 22, 23, 88, 54, 72, 37, 65, 47, 81, 79, 75, 30, 80, 20, 38, 49, 86, 10, 68, 69, 26, 100, 56, 62, 5, 67, 40, 39, 70, 53, 73, 85, 93, 11, 3, 28, 91, 97, 99, 8, 29, 76, 59, 32, 98, 95]'
kroB100,SimulatedAnnealing,23038,177.11376624400145,'[86, 46, 25, 9, 12, 71, 27, 61, 35, 94, 57, 34, 7, 84, 58, 52, 54, 50, 43, 89, 60, 74, 66, 87, 83, 4, 6, 15, 33, 82, 64, 14, 42, 51, 48, 31, 63, 13, 2, 16, 78, 17, 41, 44, 19, 92, 96, 36, 45, 18, 24, 77, 55, 22, 23, 88, 72, 37, 65, 47, 79, 81, 56, 100, 26, 62, 5, 67, 40, 39, 70, 53, 73, 85, 93, 11, 3, 28, 91, 97, 76, 99, 8, 29, 59, 32, 98, 95, 1, 90, 21, 10, 68, 69, 75, 30, 80, 20, 38, 49]'
kroB100,WangLeiAlgorithm,22141,227.24161840300076,'[29, 76, 59, 32, 98, 95, 1, 12, 71, 27, 61, 35, 94, 57, 60, 74, 66, 87, 89, 43, 50, 16, 2, 42, 14, 64, 83, 4, 6, 15, 33, 82, 51, 48, 31, 63, 13, 78, 17, 41, 44, 19, 92, 96, 36, 45, 18, 24, 77, 55, 22, 23, 88, 54, 52, 58, 84, 7, 34, 9, 25, 46, 90, 21, 10, 68, 86, 49, 30, 75, 80, 20, 38, 72, 37, 65, 47, 79, 81, 56, 100, 26, 69, 62, 5, 67, 40, 39, 70, 53, 73, 85, 93, 11, 3, 28, 91, 97, 99, 8]'
kroB100,GreedyNearestNeighbor,28847,0.005442146000859793,'[81, 79, 65, 47, 37, 72, 20, 80, 38, 86, 49, 30, 75, 69, 26, 100, 56, 62, 5, 67, 40, 39, 70, 53, 73, 85, 93, 11, 3, 28, 91, 97, 99, 8, 29, 32, 59, 76, 98, 12, 71, 27, 61, 35, 94, 57, 34, 7, 84, 58, 52, 54, 43, 89, 87, 60, 74, 66, 4, 83, 6, 15, 33, 82, 64, 14, 42, 2, 13, 78, 17, 45, 36, 96, 92, 19, 44, 41, 18, 24, 77, 16, 50, 55, 22, 23, 88, 25, 9, 46, 90, 1, 95, 21, 10, 68, 63, 31, 48, 51]'
kroB100,GeneticAlgorithm,22364,574.2891225269996,'[1, 21, 90, 12, 71, 46, 25, 9, 27, 61, 35, 94, 57, 34, 7, 84, 58, 52, 43, 89, 87, 60, 74, 66, 4, 83, 6, 15, 33, 64, 14, 42, 82, 51, 48, 31, 63, 13, 2, 16, 78, 17, 41, 44, 19, 92, 96, 36, 45, 18, 24, 77, 50, 55, 22, 23, 88, 54, 72, 37, 65, 47, 81, 79, 75, 30, 80, 20, 38, 49, 86, 10, 68, 69, 26, 100, 56, 62, 5, 67, 40, 39, 70, 53, 73, 85, 93, 11, 3, 28, 91, 97, 99, 8, 29, 76, 59, 32, 98, 95]'
kroB100,SimulatedAnnealing,23098,104.59358862099907,'[7, 84, 58, 52, 54, 88, 23, 22, 55, 50, 16, 77, 24, 18, 96, 92, 19, 44, 41, 36, 45, 17, 78, 2, 13, 63, 31, 48, 51, 15, 33, 6, 4, 83, 64, 82, 42, 14, 43, 89, 87, 66, 74, 60, 94, 57, 34, 25, 46, 9, 27, 61, 35, 71, 12, 90, 21, 1, 95, 98, 32, 59, 76, 29, 8, 99, 97, 91, 28, 3, 11, 93, 85, 73, 53, 70, 39, 40, 67, 5, 62, 56, 100, 26, 69, 68, 10, 86, 49, 38, 20, 80, 30, 75, 79, 81, 47, 65, 37, 72]'
kroB100,WangLeiAlgorithm,22199,175.6132082990007,'[48, 51, 82, 42, 14, 64, 33, 15, 6, 83, 4, 66, 74, 60, 87, 89, 43, 52, 58, 84, 7, 34, 57, 94, 35, 61, 27, 71, 9, 25, 46, 38, 20, 80, 75, 30, 49, 86, 68, 10, 21, 90, 1, 95, 12, 98, 32, 59, 76, 29, 8, 99, 97, 91, 28, 3, 11, 93, 85, 73, 53, 70, 39, 40, 67, 5, 62, 69, 26, 100, 56, 81, 79, 47, 65, 37, 72, 54, 88, 23, 22, 55, 50, 77, 24, 18, 45, 36, 96, 92, 19, 44, 41, 17, 78, 16, 2, 13, 63, 31]'
kroB100,GreedyNearestNeighbor,29161,0.005485988003783859,'[59, 76, 99, 8, 29, 32, 98, 12, 71, 27, 61, 35, 94, 57, 34, 7, 84, 58, 52, 54, 43, 89, 87, 60, 74, 66, 4, 83, 6, 15, 33, 82, 64, 14, 42, 2, 13, 78, 17, 45, 36, 96, 92, 19, 44, 41, 18, 24, 77, 16, 50, 55, 22, 23, 88, 37, 72, 65, 79, 81, 47, 56, 100, 26, 69, 62, 5, 67, 40, 39, 70, 53, 73, 85, 93, 11, 3, 28, 91, 97, 95, 1, 90, 21, 86, 49, 30, 75, 80, 20, 38, 46, 25, 9, 68, 10, 63, 31, 48, 51]'
kroB100,GeneticAlgorithm,22364,461.69668524200097,'[1, 21, 90, 12, 71, 46, 25, 9, 27, 61, 35, 94, 57, 34, 7, 84, 58, 52, 43, 89, 87, 60, 74, 66, 4, 83, 6, 15, 33, 64, 14, 42, 82, 51, 48, 31, 63, 13, 2, 16, 78, 17, 41, 44, 19, 92, 96, 36, 45, 18, 24, 77, 50, 55, 22, 23, 88, 54, 72, 37, 65, 47, 81, 79, 75, 30, 80, 20, 38, 49, 86, 10, 68, 69, 26, 100, 56, 62, 5, 67, 40, 39, 70, 53, 73, 85, 93, 11, 3, 28, 91, 97, 99, 8, 29, 76, 59, 32, 98, 95]'
kroB100,SimulatedAnnealing,22448,95.28037979199871,'[30, 56, 100, 26, 69, 62, 5, 67, 40, 39, 70, 53, 73, 85, 93, 11, 3, 28, 91, 97, 99, 8, 29, 76, 59, 32, 98, 12, 71, 27, 61, 35, 94, 57, 60, 74, 66, 87, 89, 43, 50, 16, 2, 42, 14, 64, 83, 4, 6, 15, 33, 82, 51, 48, 31, 63, 13, 78, 17, 41, 44, 19, 92, 96, 36, 45, 18, 24, 77, 55, 22, 23, 88, 54, 52, 58, 84, 7, 34, 9, 25, 46, 90, 1, 95, 21, 10, 68, 86, 49, 38, 20, 80, 72, 37, 65, 47, 81, 79, 75]'
kroB100,WangLeiAlgorithm,22199,165.5703962740008,'[100, 56, 81, 79, 47, 65, 37, 72, 54, 88, 23, 22, 55, 50, 77, 24, 18, 45, 36, 96, 92, 19, 44, 41, 17, 78, 16, 2, 13, 63, 31, 48, 51, 82, 42, 14, 64, 33, 15, 6, 83, 4, 66, 74, 60, 87, 89, 43, 52, 58, 84, 7, 34, 57, 94, 35, 61, 27, 71, 9, 25, 46, 38, 20, 80, 75, 30, 49, 86, 68, 10, 21, 90, 1, 95, 12, 98, 32, 59, 76, 29, 8, 99, 97, 91, 28, 3, 11, 93, 85, 73, 53, 70, 39, 40, 67, 5, 62, 69, 26]'
kroB100,GreedyNearestNeighbor,28273,0.005459225001686718,'[71, 12, 98, 95, 1, 90, 21, 86, 49, 30, 75, 80, 20, 38, 46, 25, 9, 27, 61, 35, 94, 57, 34, 7, 84, 58, 52, 54, 43, 89, 87, 60, 74, 66, 4, 83, 6, 15, 33, 82, 64, 14, 42, 2, 13, 78, 17, 45, 36, 96, 92, 19, 44, 41, 18, 24, 77, 16, 50, 55, 22, 23, 88, 37, 72, 65, 79, 81, 47, 56, 100, 26, 69, 62, 5, 67, 40, 39, 70, 53, 73, 85, 93, 11, 3, 28, 91, 97, 99, 8, 29, 32, 59, 76, 10, 68, 63, 31, 48, 51]'
kroB100,GeneticAlgorithm,22364,461.49817153699405,'[1, 21, 90, 12, 71, 46, 25, 9, 27, 61, 35, 94, 57, 34, 7, 84, 58, 52, 43, 89, 87, 60, 74, 66, 4, 83, 6, 15, 33, 64, 14, 42, 82, 51, 48, 31, 63, 13, 2, 16, 78, 17, 41, 44, 19, 92, 96, 36, 45, 18, 24, 77, 50, 55, 22, 23, 88, 54, 72, 37, 65, 47, 81, 79, 75, 30, 80, 20, 38, 49, 86, 10, 68, 69, 26, 100, 56, 62, 5, 67, 40, 39, 70, 53, 73, 85, 93, 11, 3, 28, 91, 97, 99, 8, 29, 76, 59, 32, 98, 95]'
kroB100,SimulatedAnnealing,23425,98.70307081799547,'[24, 16, 2, 42, 14, 64, 82, 33, 15, 51, 48, 31, 63, 13, 78, 17, 41, 44, 19, 92, 96, 36, 45, 18, 77, 50, 52, 43, 89, 83, 6, 4, 66, 87, 60, 74, 94, 57, 7, 84, 58, 34, 25, 46, 9, 27, 61, 35, 71, 12, 90, 21, 1, 95, 98, 32, 59, 76, 29, 8, 99, 97, 91, 28, 3, 11, 93, 85, 73, 53, 70, 39, 40, 67, 5, 62, 56, 100, 26, 69, 68, 10, 86, 49, 38, 20, 80, 30, 75, 79, 81, 47, 65, 37, 72, 54, 88, 23, 22, 55]'
kroB100,WangLeiAlgorithm,22362,157.10238416999346,'[37, 72, 54, 88, 23, 22, 55, 50, 77, 24, 18, 45, 36, 96, 92, 19, 44, 41, 17, 78, 16, 2, 13, 63, 31, 48, 51, 42, 14, 64, 82, 33, 15, 6, 83, 4, 66, 74, 60, 87, 89, 43, 52, 58, 84, 7, 34, 57, 94, 35, 61, 27, 71, 9, 25, 46, 38, 20, 80, 75, 30, 49, 86, 68, 10, 21, 90, 1, 95, 12, 98, 32, 59, 76, 29, 8, 99, 97, 91, 28, 3, 11, 93, 85, 73, 53, 70, 39, 40, 67, 5, 62, 69, 26, 100, 56, 81, 79, 47, 65]'
kroB100,GreedyNearestNeighbor,27382,0.005395519998273812,'[60, 74, 87, 89, 43, 52, 54, 58, 84, 7, 57, 94, 61, 35, 27, 71, 12, 98, 95, 1, 90, 21, 86, 49, 30, 75, 80, 20, 38, 46, 25, 9, 34, 72, 37, 65, 79, 81, 47, 56, 100, 26, 69, 62, 5, 67, 40, 39, 70, 53, 73, 85, 93, 11, 3, 28, 91, 97, 99, 8, 29, 32, 59, 76, 10, 68, 88, 22, 23, 55, 50, 77, 24, 18, 45, 36, 17, 41, 92, 19, 96, 44, 78, 13, 2, 42, 14, 64, 82, 33, 15, 6, 4, 83, 66, 16, 63, 31, 48, 51]'
kroB100,GeneticAlgorithm,22364,455.2103473679963,'[1, 21, 90, 12, 71, 46, 25, 9, 27, 61, 35, 94, 57, 34, 7, 84, 58, 52, 43, 89, 87, 60, 74, 66, 4, 83, 6, 15, 33, 64, 14, 42, 82, 51, 48, 31, 63, 13, 2, 16, 78, 17, 41, 44, 19, 92, 96, 36, 45, 18, 24, 77, 50, 55, 22, 23, 88, 54, 72, 37, 65, 47, 81, 79, 75, 30, 80, 20, 38, 49, 86, 10, 68, 69, 26, 100, 56, 62, 5, 67, 40, 39, 70, 53, 73, 85, 93, 11, 3, 28, 91, 97, 99, 8, 29, 76, 59, 32, 98, 95]'
kroC100,ChristofidesSerdyukov,24089,0.08132843000203138,'[1, 85, 27, 15, 13, 79, 64, 20, 55, 42, 67, 31, 77, 80, 65, 47, 6, 54, 75, 22, 8, 17, 25, 90, 34, 58, 98, 88, 28, 39, 38, 86, 5, 43, 56, 71, 72, 62, 83, 50, 95, 94, 91, 70, 76, 23, 30, 68, 35, 2, 21, 89, 41, 59, 3, 73, 69, 74, 57, 36, 14, 93, 49, 18, 29, 37, 61, 32, 24, 26, 78, 9, 82, 7, 60, 4, 99, 19, 92, 10, 100, 33, 45, 81, 97, 87, 96, 11, 52, 84, 48, 66, 44, 63, 51, 16, 46, 12, 40, 53]'
kroC100,2-OPT,21825,2.3315670679949108,'[1, 85, 27, 15, 13, 79, 64, 20, 42, 55, 67, 65, 77, 80, 31, 47, 6, 54, 75, 22, 8, 17, 25, 90, 34, 58, 98, 88, 28, 39, 38, 56, 43, 5, 86, 71, 72, 83, 62, 50, 95, 94, 91, 76, 70, 23, 35, 2, 68, 30, 21, 89, 41, 59, 73, 3, 69, 74, 100, 33, 45, 81, 97, 96, 87, 52, 11, 84, 48, 51, 16, 63, 44, 66, 19, 99, 92, 10, 36, 57, 14, 60, 4, 93, 49, 18, 37, 9, 78, 82, 7, 26, 32, 24, 61, 29, 46, 12, 40, 53]'
kroC100,SimulatedAnnealing,21349,102.37518674400053,'[31, 47, 67, 55, 42, 20, 64, 79, 13, 15, 27, 85, 1, 53, 40, 12, 60, 4, 93, 49, 18, 29, 46, 24, 32, 61, 26, 7, 82, 78, 9, 37, 16, 51, 63, 44, 66, 48, 84, 11, 52, 87, 96, 97, 81, 45, 33, 100, 10, 92, 19, 99, 14, 36, 57, 74, 69, 3, 73, 59, 89, 41, 77, 30, 68, 2, 35, 23, 21, 70, 76, 91, 94, 95, 50, 62, 83, 72, 86, 5, 43, 56, 71, 38, 39, 28, 88, 98, 58, 34, 90, 25, 17, 8, 22, 75, 54, 6, 80, 65]'
kroC100,WangLeiAlgorithm,20852,131.37866153199866,'[77, 65, 31, 47, 67, 55, 42, 20, 64, 79, 13, 15, 27, 85, 1, 53, 40, 12, 49, 18, 29, 46, 24, 32, 61, 26, 7, 82, 78, 9, 37, 16, 51, 63, 44, 66, 48, 84, 11, 52, 87, 96, 97, 81, 45, 33, 100, 74, 57, 36, 14, 10, 92, 19, 99, 93, 4, 60, 69, 3, 73, 59, 41, 89, 30, 68, 2, 35, 23, 21, 70, 76, 91, 94, 95, 50, 62, 83, 72, 86, 5, 43, 56, 71, 38, 39, 28, 88, 98, 58, 34, 90, 25, 17, 8, 22, 75, 54, 6, 80]'
kroC100,GreedyNearestNeighbor,25968,0.005442477005999535,'[2, 35, 68, 30, 89, 41, 59, 3, 73, 69, 74, 57, 36, 100, 33, 45, 81, 97, 10, 92, 19, 99, 14, 4, 60, 93, 49, 18, 29, 37, 61, 26, 78, 9, 82, 7, 32, 24, 46, 12, 40, 27, 15, 13, 79, 64, 20, 55, 42, 67, 31, 47, 6, 54, 75, 22, 8, 17, 25, 90, 34, 58, 98, 88, 28, 39, 38, 71, 56, 5, 43, 86, 50, 72, 83, 62, 95, 94, 91, 70, 76, 23, 21, 77, 80, 65, 85, 1, 53, 16, 63, 44, 66, 48, 84, 11, 52, 96, 87, 51]'
kroC100,GeneticAlgorithm,20983,443.2585793479957,'[1, 85, 27, 15, 13, 79, 64, 20, 42, 55, 67, 47, 31, 65, 77, 80, 6, 54, 75, 22, 8, 17, 25, 90, 34, 58, 98, 88, 28, 39, 38, 71, 56, 43, 5, 86, 72, 83, 62, 50, 95, 94, 91, 76, 70, 21, 23, 35, 2, 68, 30, 89, 41, 59, 73, 3, 69, 74, 57, 36, 100, 33, 45, 81, 97, 96, 87, 52, 11, 84, 48, 44, 63, 51, 16, 66, 19, 92, 10, 99, 14, 60, 4, 93, 49, 18, 29, 37, 9, 78, 82, 7, 26, 61, 32, 24, 46, 12, 40, 53]'
kroC100,SimulatedAnnealing,21784,92.43059918999643,'[39, 88, 98, 58, 34, 90, 25, 17, 8, 22, 75, 42, 55, 64, 20, 79, 13, 15, 27, 85, 1, 53, 24, 32, 26, 7, 82, 78, 9, 61, 46, 12, 40, 60, 4, 93, 49, 18, 29, 37, 16, 51, 63, 44, 66, 48, 84, 11, 52, 87, 96, 97, 81, 45, 33, 100, 74, 57, 36, 10, 92, 19, 99, 14, 69, 3, 73, 59, 41, 89, 21, 23, 35, 2, 68, 30, 77, 80, 65, 67, 31, 47, 6, 54, 62, 83, 72, 50, 91, 70, 76, 94, 95, 86, 5, 43, 56, 71, 38, 28]'
kroC100,WangLeiAlgorithm,20812,150.67167683399748,'[29, 18, 49, 46, 12, 40, 53, 1, 85, 27, 15, 13, 79, 64, 20, 42, 55, 67, 47, 31, 65, 80, 77, 30, 68, 35, 2, 54, 6, 75, 22, 8, 17, 25, 90, 34, 58, 98, 88, 28, 39, 38, 71, 56, 43, 5, 86, 72, 83, 62, 50, 95, 94, 91, 76, 70, 23, 21, 89, 41, 59, 73, 3, 69, 60, 4, 93, 99, 19, 92, 10, 14, 36, 57, 74, 100, 33, 45, 81, 97, 96, 87, 52, 11, 84, 48, 66, 44, 63, 51, 16, 9, 78, 82, 7, 26, 32, 24, 61, 37]'
kroC100,GreedyNearestNeighbor,26223,0.005581771001743618,'[58, 98, 88, 28, 39, 38, 71, 56, 5, 43, 86, 50, 72, 83, 62, 54, 6, 75, 22, 8, 17, 25, 90, 34, 42, 55, 64, 20, 79, 13, 15, 27, 85, 1, 53, 40, 12, 46, 29, 18, 49, 93, 4, 60, 14, 36, 57, 74, 100, 33, 45, 81, 97, 10, 92, 19, 99, 66, 44, 63, 16, 51, 37, 61, 26, 78, 9, 82, 7, 32, 24, 48, 84, 11, 52, 96, 87, 69, 3, 73, 59, 41, 89, 21, 23, 35, 2, 68, 30, 77, 80, 65, 31, 47, 67, 91, 94, 95, 76, 70]'
kroC100,GeneticAlgorithm,20983,455.75218530299753,'[1, 85, 27, 15, 13, 79, 64, 20, 42, 55, 67, 47, 31, 65, 77, 80, 6, 54, 75, 22, 8, 17, 25, 90, 34, 58, 98, 88, 28, 39, 38, 71, 56, 43, 5, 86, 72, 83, 62, 50, 95, 94, 91, 76, 70, 21, 23, 35, 2, 68, 30, 89, 41, 59, 73, 3, 69, 74, 57, 36, 100, 33, 45, 81, 97, 96, 87, 52, 11, 84, 48, 44, 63, 51, 16, 66, 19, 92, 10, 99, 14, 60, 4, 93, 49, 18, 29, 37, 9, 78, 82, 7, 26, 61, 32, 24, 46, 12, 40, 53]'
kroC100,SimulatedAnnealing,21174,93.17893782600004,'[68, 23, 21, 70, 76, 91, 94, 95, 50, 62, 83, 72, 86, 5, 43, 56, 71, 38, 39, 28, 88, 98, 58, 34, 90, 25, 17, 8, 22, 75, 6, 54, 2, 35, 77, 80, 65, 31, 47, 67, 55, 42, 20, 64, 79, 13, 15, 27, 85, 1, 53, 40, 12, 93, 49, 18, 29, 46, 24, 32, 61, 26, 7, 82, 78, 9, 37, 16, 51, 63, 44, 66, 48, 84, 11, 52, 87, 96, 97, 81, 45, 33, 100, 74, 57, 36, 10, 92, 19, 99, 14, 4, 60, 69, 3, 73, 59, 41, 89, 30]'
kroC100,WangLeiAlgorithm,20749,148.0597621650013,'[94, 95, 50, 62, 83, 72, 86, 5, 43, 56, 71, 38, 39, 28, 88, 98, 58, 34, 90, 25, 17, 8, 22, 75, 6, 54, 2, 35, 68, 30, 77, 80, 65, 31, 47, 67, 55, 42, 20, 64, 79, 13, 15, 27, 85, 1, 53, 40, 12, 49, 18, 29, 46, 24, 32, 61, 26, 7, 82, 78, 9, 37, 16, 51, 63, 44, 66, 48, 84, 11, 52, 87, 96, 97, 81, 45, 33, 100, 74, 57, 36, 14, 10, 92, 19, 99, 93, 4, 60, 69, 3, 73, 59, 41, 89, 21, 23, 70, 76, 91]'
kroC100,GreedyNearestNeighbor,28741,0.005510245006007608,'[61, 26, 78, 9, 82, 7, 32, 24, 46, 29, 18, 49, 93, 4, 60, 14, 36, 57, 74, 100, 33, 45, 81, 97, 10, 92, 19, 99, 66, 44, 63, 16, 51, 37, 12, 40, 27, 15, 13, 79, 64, 20, 55, 42, 67, 31, 47, 6, 54, 75, 22, 8, 17, 25, 90, 34, 58, 98, 88, 28, 39, 38, 71, 56, 5, 43, 86, 50, 72, 83, 62, 2, 35, 68, 30, 89, 41, 59, 3, 73, 69, 77, 80, 65, 85, 1, 53, 48, 84, 11, 52, 96, 87, 21, 23, 70, 76, 91, 94, 95]'
kroC100,GeneticAlgorithm,20983,435.4449911729971,'[1, 85, 27, 15, 13, 79, 64, 20, 42, 55, 67, 47, 31, 65, 77, 80, 6, 54, 75, 22, 8, 17, 25, 90, 34, 58, 98, 88, 28, 39, 38, 71, 56, 43, 5, 86, 72, 83, 62, 50, 95, 94, 91, 76, 70, 21, 23, 35, 2, 68, 30, 89, 41, 59, 73, 3, 69, 74, 57, 36, 100, 33, 45, 81, 97, 96, 87, 52, 11, 84, 48, 44, 63, 51, 16, 66, 19, 92, 10, 99, 14, 60, 4, 93, 49, 18, 29, 37, 9, 78, 82, 7, 26, 61, 32, 24, 46, 12, 40, 53]'
kroC100,SimulatedAnnealing,21360,95.25552813000104,'[89, 35, 2, 68, 30, 21, 23, 70, 76, 91, 94, 95, 50, 62, 83, 72, 86, 5, 43, 56, 71, 38, 39, 28, 88, 98, 58, 34, 90, 25, 17, 8, 22, 75, 54, 6, 80, 77, 65, 31, 47, 67, 55, 42, 20, 64, 79, 13, 15, 27, 85, 1, 53, 40, 12, 4, 60, 14, 10, 92, 19, 99, 93, 49, 18, 29, 46, 24, 32, 61, 26, 7, 82, 78, 9, 37, 16, 51, 63, 44, 66, 48, 84, 11, 52, 87, 96, 97, 81, 45, 33, 100, 36, 57, 74, 69, 3, 73, 59, 41]'
kroC100,WangLeiAlgorithm,20749,148.160240918005,'[11, 52, 87, 96, 97, 81, 45, 33, 100, 74, 57, 36, 14, 10, 92, 19, 99, 93, 4, 60, 69, 3, 73, 59, 41, 89, 21, 23, 70, 76, 91, 94, 95, 50, 62, 83, 72, 86, 5, 43, 56, 71, 38, 39, 28, 88, 98, 58, 34, 90, 25, 17, 8, 22, 75, 6, 54, 2, 35, 68, 30, 77, 80, 65, 31, 47, 67, 55, 42, 20, 64, 79, 13, 15, 27, 85, 1, 53, 40, 12, 49, 18, 29, 46, 24, 32, 61, 26, 7, 82, 78, 9, 37, 16, 51, 63, 44, 66, 48, 84]'
kroC100,GreedyNearestNeighbor,25330,0.005544016996282153,'[8, 22, 75, 54, 6, 47, 31, 67, 55, 42, 64, 20, 79, 13, 15, 27, 85, 1, 53, 40, 12, 46, 29, 18, 49, 93, 4, 60, 14, 36, 57, 74, 100, 33, 45, 81, 97, 10, 92, 19, 99, 66, 44, 63, 16, 51, 37, 61, 26, 78, 9, 82, 7, 32, 24, 48, 84, 11, 52, 96, 87, 69, 3, 73, 59, 41, 89, 21, 23, 35, 2, 68, 30, 77, 80, 65, 62, 83, 72, 71, 38, 28, 39, 88, 98, 58, 34, 90, 25, 17, 56, 5, 43, 86, 50, 95, 94, 91, 76, 70]'
kroC100,GeneticAlgorithm,20983,455.17607811700145,'[1, 85, 27, 15, 13, 79, 64, 20, 42, 55, 67, 47, 31, 65, 77, 80, 6, 54, 75, 22, 8, 17, 25, 90, 34, 58, 98, 88, 28, 39, 38, 71, 56, 43, 5, 86, 72, 83, 62, 50, 95, 94, 91, 76, 70, 21, 23, 35, 2, 68, 30, 89, 41, 59, 73, 3, 69, 74, 57, 36, 100, 33, 45, 81, 97, 96, 87, 52, 11, 84, 48, 44, 63, 51, 16, 66, 19, 92, 10, 99, 14, 60, 4, 93, 49, 18, 29, 37, 9, 78, 82, 7, 26, 61, 32, 24, 46, 12, 40, 53]'
kroC100,SimulatedAnnealing,22502,101.5370265599995,'[31, 13, 27, 40, 12, 4, 60, 69, 74, 100, 33, 45, 81, 97, 96, 87, 52, 11, 84, 48, 44, 63, 51, 16, 66, 19, 99, 92, 10, 36, 57, 14, 93, 49, 18, 29, 37, 61, 26, 9, 78, 82, 7, 32, 24, 46, 53, 1, 85, 15, 79, 64, 20, 42, 55, 67, 65, 80, 77, 41, 59, 3, 73, 89, 30, 68, 2, 35, 23, 21, 70, 76, 91, 94, 95, 50, 62, 83, 72, 71, 86, 5, 43, 56, 38, 39, 28, 88, 98, 58, 34, 90, 25, 17, 8, 22, 75, 54, 6, 47]'
kroC100,WangLeiAlgorithm,20749,139.16413680100231,'[20, 64, 79, 13, 15, 27, 85, 1, 53, 40, 12, 49, 18, 29, 46, 24, 32, 61, 26, 7, 82, 78, 9, 37, 16, 51, 63, 44, 66, 48, 84, 11, 52, 87, 96, 97, 81, 45, 33, 100, 74, 57, 36, 14, 10, 92, 19, 99, 93, 4, 60, 69, 3, 73, 59, 41, 89, 21, 23, 70, 76, 91, 94, 95, 50, 62, 83, 72, 86, 5, 43, 56, 71, 38, 39, 28, 88, 98, 58, 34, 90, 25, 17, 8, 22, 75, 6, 54, 2, 35, 68, 30, 77, 80, 65, 31, 47, 67, 55, 42]'
kroC100,GreedyNearestNeighbor,25685,0.00557160799507983,'[96, 87, 52, 11, 84, 48, 66, 44, 63, 16, 51, 37, 29, 18, 49, 93, 4, 60, 14, 36, 57, 74, 100, 33, 45, 81, 97, 10, 92, 19, 99, 69, 3, 73, 59, 41, 89, 21, 23, 35, 2, 68, 30, 77, 80, 65, 31, 47, 67, 55, 42, 64, 20, 79, 13, 15, 27, 85, 1, 53, 40, 12, 46, 24, 32, 61, 26, 78, 9, 82, 7, 6, 54, 75, 22, 8, 17, 25, 90, 34, 58, 98, 88, 28, 39, 38, 71, 56, 5, 43, 86, 50, 72, 83, 62, 95, 94, 91, 76, 70]'
kroC100,GeneticAlgorithm,20983,470.5380522589985,'[1, 85, 27, 15, 13, 79, 64, 20, 42, 55, 67, 47, 31, 65, 77, 80, 6, 54, 75, 22, 8, 17, 25, 90, 34, 58, 98, 88, 28, 39, 38, 71, 56, 43, 5, 86, 72, 83, 62, 50, 95, 94, 91, 76, 70, 21, 23, 35, 2, 68, 30, 89, 41, 59, 73, 3, 69, 74, 57, 36, 100, 33, 45, 81, 97, 96, 87, 52, 11, 84, 48, 44, 63, 51, 16, 66, 19, 92, 10, 99, 14, 60, 4, 93, 49, 18, 29, 37, 9, 78, 82, 7, 26, 61, 32, 24, 46, 12, 40, 53]'
kroC100,SimulatedAnnealing,21954,95.11113602099795,'[13, 27, 40, 12, 4, 60, 41, 59, 73, 3, 69, 74, 57, 36, 100, 33, 45, 81, 97, 96, 87, 52, 11, 84, 48, 44, 63, 51, 16, 66, 19, 99, 92, 10, 14, 93, 49, 18, 29, 37, 61, 26, 9, 78, 82, 7, 32, 24, 46, 53, 1, 85, 15, 79, 64, 20, 42, 55, 67, 31, 47, 6, 54, 75, 22, 8, 17, 25, 90, 34, 58, 98, 88, 28, 39, 38, 71, 56, 43, 5, 86, 72, 83, 62, 50, 95, 94, 91, 76, 70, 23, 21, 89, 30, 68, 35, 2, 77, 80, 65]'
kroC100,WangLeiAlgorithm,20749,286.7313605909949,'[89, 41, 59, 73, 3, 69, 60, 4, 93, 99, 19, 92, 10, 14, 36, 57, 74, 100, 33, 45, 81, 97, 96, 87, 52, 11, 84, 48, 66, 44, 63, 51, 16, 37, 9, 78, 82, 7, 26, 61, 32, 24, 46, 29, 18, 49, 12, 40, 53, 1, 85, 27, 15, 13, 79, 64, 20, 42, 55, 67, 47, 31, 65, 80, 77, 30, 68, 35, 2, 54, 6, 75, 22, 8, 17, 25, 90, 34, 58, 98, 88, 28, 39, 38, 71, 56, 43, 5, 86, 72, 83, 62, 50, 95, 94, 91, 76, 70, 23, 21]'
kroC100,GreedyNearestNeighbor,24891,0.005614958994556218,'[75, 22, 8, 17, 25, 90, 34, 58, 98, 88, 28, 39, 38, 71, 56, 5, 43, 86, 50, 72, 83, 62, 54, 6, 47, 31, 67, 55, 42, 64, 20, 79, 13, 15, 27, 85, 1, 53, 40, 12, 46, 29, 18, 49, 93, 4, 60, 14, 36, 57, 74, 100, 33, 45, 81, 97, 10, 92, 19, 99, 66, 44, 63, 16, 51, 37, 61, 26, 78, 9, 82, 7, 32, 24, 48, 84, 11, 52, 96, 87, 69, 3, 73, 59, 41, 89, 21, 23, 35, 2, 68, 30, 77, 80, 65, 91, 94, 95, 76, 70]'
kroC100,GeneticAlgorithm,20983,600.4894566570001,'[1, 85, 27, 15, 13, 79, 64, 20, 42, 55, 67, 47, 31, 65, 77, 80, 6, 54, 75, 22, 8, 17, 25, 90, 34, 58, 98, 88, 28, 39, 38, 71, 56, 43, 5, 86, 72, 83, 62, 50, 95, 94, 91, 76, 70, 21, 23, 35, 2, 68, 30, 89, 41, 59, 73, 3, 69, 74, 57, 36, 100, 33, 45, 81, 97, 96, 87, 52, 11, 84, 48, 44, 63, 51, 16, 66, 19, 92, 10, 99, 14, 60, 4, 93, 49, 18, 29, 37, 9, 78, 82, 7, 26, 61, 32, 24, 46, 12, 40, 53]'
kroC100,SimulatedAnnealing,21284,103.93309877799766,'[91, 76, 70, 21, 23, 68, 35, 2, 80, 77, 30, 89, 41, 59, 73, 3, 69, 74, 57, 36, 100, 33, 45, 81, 97, 96, 87, 52, 11, 84, 48, 66, 44, 63, 51, 16, 37, 9, 78, 82, 7, 26, 61, 32, 24, 46, 29, 18, 49, 93, 99, 19, 92, 10, 14, 60, 4, 12, 40, 53, 1, 85, 27, 15, 13, 79, 64, 20, 42, 55, 67, 65, 31, 47, 6, 54, 75, 22, 8, 17, 25, 90, 34, 58, 98, 88, 28, 39, 38, 71, 56, 43, 5, 86, 72, 83, 62, 50, 95, 94]'
kroC100,WangLeiAlgorithm,20749,223.31353930600017,'[71, 56, 43, 5, 86, 72, 83, 62, 50, 95, 94, 91, 76, 70, 23, 21, 89, 41, 59, 73, 3, 69, 60, 4, 93, 99, 19, 92, 10, 14, 36, 57, 74, 100, 33, 45, 81, 97, 96, 87, 52, 11, 84, 48, 66, 44, 63, 51, 16, 37, 9, 78, 82, 7, 26, 61, 32, 24, 46, 29, 18, 49, 12, 40, 53, 1, 85, 27, 15, 13, 79, 64, 20, 42, 55, 67, 47, 31, 65, 80, 77, 30, 68, 35, 2, 54, 6, 75, 22, 8, 17, 25, 90, 34, 58, 98, 88, 28, 39, 38]'
kroC100,GreedyNearestNeighbor,24498,0.005412120997789316,'[55, 42, 64, 20, 79, 13, 15, 27, 85, 1, 53, 40, 12, 46, 29, 18, 49, 93, 4, 60, 14, 36, 57, 74, 100, 33, 45, 81, 97, 10, 92, 19, 99, 66, 44, 63, 16, 51, 37, 61, 26, 78, 9, 82, 7, 32, 24, 48, 84, 11, 52, 96, 87, 69, 3, 73, 59, 41, 89, 21, 23, 35, 2, 68, 30, 77, 80, 65, 31, 47, 67, 6, 54, 75, 22, 8, 17, 25, 90, 34, 58, 98, 88, 28, 39, 38, 71, 56, 5, 43, 86, 50, 72, 83, 62, 95, 94, 91, 76, 70]'
kroC100,GeneticAlgorithm,20983,586.269130101995,'[1, 85, 27, 15, 13, 79, 64, 20, 42, 55, 67, 47, 31, 65, 77, 80, 6, 54, 75, 22, 8, 17, 25, 90, 34, 58, 98, 88, 28, 39, 38, 71, 56, 43, 5, 86, 72, 83, 62, 50, 95, 94, 91, 76, 70, 21, 23, 35, 2, 68, 30, 89, 41, 59, 73, 3, 69, 74, 57, 36, 100, 33, 45, 81, 97, 96, 87, 52, 11, 84, 48, 44, 63, 51, 16, 66, 19, 92, 10, 99, 14, 60, 4, 93, 49, 18, 29, 37, 9, 78, 82, 7, 26, 61, 32, 24, 46, 12, 40, 53]'
kroC100,SimulatedAnnealing,22159,185.30588414199883,'[32, 16, 51, 63, 44, 66, 48, 84, 11, 52, 87, 96, 97, 81, 45, 33, 100, 74, 57, 36, 10, 92, 19, 99, 14, 69, 3, 73, 59, 41, 89, 21, 23, 70, 76, 91, 94, 95, 50, 86, 5, 43, 56, 38, 71, 72, 62, 83, 39, 28, 88, 98, 58, 34, 90, 25, 17, 8, 22, 75, 54, 6, 47, 31, 67, 55, 42, 20, 64, 79, 15, 85, 1, 53, 46, 12, 40, 27, 13, 65, 80, 77, 2, 35, 68, 30, 60, 4, 93, 49, 18, 29, 37, 9, 78, 82, 7, 26, 61, 24]'
kroC100,WangLeiAlgorithm,20749,211.4774554350006,'[94, 91, 76, 70, 23, 21, 89, 41, 59, 73, 3, 69, 60, 4, 93, 99, 19, 92, 10, 14, 36, 57, 74, 100, 33, 45, 81, 97, 96, 87, 52, 11, 84, 48, 66, 44, 63, 51, 16, 37, 9, 78, 82, 7, 26, 61, 32, 24, 46, 29, 18, 49, 12, 40, 53, 1, 85, 27, 15, 13, 79, 64, 20, 42, 55, 67, 47, 31, 65, 80, 77, 30, 68, 35, 2, 54, 6, 75, 22, 8, 17, 25, 90, 34, 58, 98, 88, 28, 39, 38, 71, 56, 43, 5, 86, 72, 83, 62, 50, 95]'
kroC100,GreedyNearestNeighbor,23717,0.00558971099962946,'[43, 5, 56, 38, 71, 39, 28, 88, 98, 58, 34, 90, 25, 17, 8, 22, 75, 54, 6, 47, 31, 67, 55, 42, 64, 20, 79, 13, 15, 27, 85, 1, 53, 40, 12, 46, 29, 18, 49, 93, 4, 60, 14, 36, 57, 74, 100, 33, 45, 81, 97, 10, 92, 19, 99, 66, 44, 63, 16, 51, 37, 61, 26, 78, 9, 82, 7, 32, 24, 48, 84, 11, 52, 96, 87, 69, 3, 73, 59, 41, 89, 21, 23, 35, 2, 68, 30, 77, 80, 65, 62, 83, 72, 50, 95, 94, 91, 76, 70, 86]'
kroC100,GeneticAlgorithm,20983,723.9463188829977,'[1, 85, 27, 15, 13, 79, 64, 20, 42, 55, 67, 47, 31, 65, 77, 80, 6, 54, 75, 22, 8, 17, 25, 90, 34, 58, 98, 88, 28, 39, 38, 71, 56, 43, 5, 86, 72, 83, 62, 50, 95, 94, 91, 76, 70, 21, 23, 35, 2, 68, 30, 89, 41, 59, 73, 3, 69, 74, 57, 36, 100, 33, 45, 81, 97, 96, 87, 52, 11, 84, 48, 44, 63, 51, 16, 66, 19, 92, 10, 99, 14, 60, 4, 93, 49, 18, 29, 37, 9, 78, 82, 7, 26, 61, 32, 24, 46, 12, 40, 53]'
kroC100,SimulatedAnnealing,21791,166.371701570999,'[64, 67, 31, 47, 6, 54, 75, 22, 8, 17, 25, 90, 34, 58, 98, 88, 28, 39, 38, 71, 56, 43, 5, 86, 72, 83, 62, 50, 95, 94, 91, 76, 70, 21, 23, 35, 2, 68, 30, 89, 73, 3, 59, 41, 77, 80, 65, 13, 27, 40, 12, 46, 29, 18, 49, 93, 4, 60, 69, 14, 99, 19, 92, 10, 36, 57, 74, 100, 33, 45, 81, 97, 96, 87, 52, 11, 84, 48, 66, 44, 63, 51, 16, 37, 9, 78, 82, 7, 26, 61, 32, 24, 53, 1, 85, 15, 79, 55, 42, 20]'
kroC100,WangLeiAlgorithm,20749,216.73370109800453,'[25, 17, 8, 22, 75, 6, 54, 2, 35, 68, 30, 77, 80, 65, 31, 47, 67, 55, 42, 20, 64, 79, 13, 15, 27, 85, 1, 53, 40, 12, 49, 18, 29, 46, 24, 32, 61, 26, 7, 82, 78, 9, 37, 16, 51, 63, 44, 66, 48, 84, 11, 52, 87, 96, 97, 81, 45, 33, 100, 74, 57, 36, 14, 10, 92, 19, 99, 93, 4, 60, 69, 3, 73, 59, 41, 89, 21, 23, 70, 76, 91, 94, 95, 50, 62, 83, 72, 86, 5, 43, 56, 71, 38, 39, 28, 88, 98, 58, 34, 90]'
kroC100,GreedyNearestNeighbor,27476,0.005537610995816067,'[93, 49, 18, 29, 37, 61, 26, 78, 9, 82, 7, 32, 24, 46, 12, 40, 27, 15, 13, 79, 64, 20, 55, 42, 67, 31, 47, 6, 54, 75, 22, 8, 17, 25, 90, 34, 58, 98, 88, 28, 39, 38, 71, 56, 5, 43, 86, 50, 72, 83, 62, 2, 35, 68, 30, 89, 41, 59, 3, 73, 69, 74, 57, 36, 100, 33, 45, 81, 97, 10, 92, 19, 99, 14, 4, 60, 77, 80, 65, 85, 1, 53, 16, 63, 44, 66, 48, 84, 11, 52, 96, 87, 51, 21, 23, 70, 76, 91, 94, 95]'
kroC100,GeneticAlgorithm,20983,517.1673020779999,'[1, 85, 27, 15, 13, 79, 64, 20, 42, 55, 67, 47, 31, 65, 77, 80, 6, 54, 75, 22, 8, 17, 25, 90, 34, 58, 98, 88, 28, 39, 38, 71, 56, 43, 5, 86, 72, 83, 62, 50, 95, 94, 91, 76, 70, 21, 23, 35, 2, 68, 30, 89, 41, 59, 73, 3, 69, 74, 57, 36, 100, 33, 45, 81, 97, 96, 87, 52, 11, 84, 48, 44, 63, 51, 16, 66, 19, 92, 10, 99, 14, 60, 4, 93, 49, 18, 29, 37, 9, 78, 82, 7, 26, 61, 32, 24, 46, 12, 40, 53]'
kroC100,SimulatedAnnealing,22003,95.22244731699902,'[50, 72, 83, 62, 75, 22, 8, 17, 25, 90, 34, 58, 98, 88, 28, 39, 38, 71, 56, 43, 5, 86, 95, 94, 91, 76, 70, 23, 35, 2, 80, 77, 30, 68, 21, 89, 41, 59, 73, 3, 69, 60, 4, 93, 49, 18, 29, 37, 16, 63, 44, 66, 19, 92, 10, 99, 14, 36, 57, 74, 100, 33, 45, 81, 97, 96, 87, 52, 11, 84, 48, 51, 9, 78, 82, 7, 26, 61, 32, 24, 46, 12, 40, 53, 1, 85, 27, 15, 13, 79, 64, 20, 42, 55, 67, 65, 31, 47, 6, 54]'
kroC100,WangLeiAlgorithm,20812,133.52727759300615,'[21, 23, 70, 76, 91, 94, 95, 50, 62, 83, 72, 86, 5, 43, 56, 71, 38, 39, 28, 88, 98, 58, 34, 90, 25, 17, 8, 22, 75, 6, 54, 2, 35, 68, 30, 77, 80, 65, 31, 47, 67, 55, 42, 20, 64, 79, 13, 15, 27, 85, 1, 53, 40, 12, 46, 49, 18, 29, 37, 61, 24, 32, 26, 7, 82, 78, 9, 16, 51, 63, 44, 66, 48, 84, 11, 52, 87, 96, 97, 81, 45, 33, 100, 74, 57, 36, 14, 10, 92, 19, 99, 93, 4, 60, 69, 3, 73, 59, 41, 89]'
kroC100,GreedyNearestNeighbor,27201,0.005501567997271195,'[20, 64, 55, 42, 67, 31, 47, 6, 54, 75, 22, 8, 17, 25, 90, 34, 58, 98, 88, 28, 39, 38, 71, 56, 5, 43, 86, 50, 72, 83, 62, 2, 35, 68, 30, 89, 41, 59, 3, 73, 69, 74, 57, 36, 100, 33, 45, 81, 97, 10, 92, 19, 99, 14, 4, 60, 93, 49, 18, 29, 37, 61, 26, 78, 9, 82, 7, 32, 24, 46, 12, 40, 27, 15, 13, 79, 65, 80, 77, 23, 70, 76, 91, 94, 95, 21, 85, 1, 53, 16, 63, 44, 66, 48, 84, 11, 52, 96, 87, 51]'
kroC100,GeneticAlgorithm,20983,833.1598005720007,'[1, 85, 27, 15, 13, 79, 64, 20, 42, 55, 67, 47, 31, 65, 77, 80, 6, 54, 75, 22, 8, 17, 25, 90, 34, 58, 98, 88, 28, 39, 38, 71, 56, 43, 5, 86, 72, 83, 62, 50, 95, 94, 91, 76, 70, 21, 23, 35, 2, 68, 30, 89, 41, 59, 73, 3, 69, 74, 57, 36, 100, 33, 45, 81, 97, 96, 87, 52, 11, 84, 48, 44, 63, 51, 16, 66, 19, 92, 10, 99, 14, 60, 4, 93, 49, 18, 29, 37, 9, 78, 82, 7, 26, 61, 32, 24, 46, 12, 40, 53]'