rat99,ChristofidesSerdyukov,1390,0.06718487500000003,'[1, 10, 2, 3, 4, 5, 14, 6, 7, 8, 9, 18, 17, 16, 15, 23, 22, 24, 25, 26, 35, 27, 36, 44, 34, 43, 42, 32, 33, 45, 54, 53, 52, 51, 60, 61, 62, 63, 81, 72, 71, 80, 70, 69, 78, 79, 89, 90, 99, 98, 97, 96, 87, 88, 86, 95, 85, 76, 84, 83, 82, 91, 92, 93, 94, 73, 74, 75, 77, 68, 67, 66, 65, 64, 56, 57, 58, 59, 49, 50, 55, 46, 47, 48, 39, 38, 40, 41, 31, 30, 29, 37, 28, 19, 20, 21, 13, 12, 11]'
rat99,2-OPT,1280,1.5939942079999998,'[1, 10, 11, 12, 13, 22, 21, 20, 19, 28, 37, 29, 30, 31, 32, 41, 40, 39, 48, 38, 47, 46, 55, 50, 49, 59, 58, 57, 56, 64, 65, 66, 67, 68, 77, 75, 74, 73, 82, 91, 92, 94, 93, 83, 84, 76, 85, 86, 88, 87, 95, 96, 97, 98, 99, 90, 89, 79, 78, 69, 70, 71, 80, 81, 72, 63, 62, 61, 60, 51, 52, 53, 54, 45, 42, 33, 43, 34, 44, 36, 35, 27, 26, 25, 24, 23, 15, 16, 17, 18, 9, 8, 7, 6, 5, 14, 4, 3, 2]'
rat99,SimulatedAnnealing,1301,76.69532274999999,'[27, 36, 44, 43, 34, 33, 42, 51, 60, 52, 53, 45, 54, 63, 62, 61, 70, 71, 72, 81, 80, 69, 67, 68, 77, 78, 79, 88, 87, 89, 90, 99, 98, 97, 96, 94, 95, 86, 85, 76, 84, 83, 93, 92, 91, 82, 73, 74, 75, 66, 65, 64, 55, 46, 47, 56, 57, 58, 59, 49, 50, 40, 39, 48, 38, 37, 28, 29, 41, 32, 31, 30, 19, 20, 21, 22, 13, 12, 11, 10, 1, 2, 3, 4, 14, 5, 6, 7, 8, 9, 18, 17, 16, 15, 23, 24, 25, 26, 35]'
rat99,WangLeiAlgorithm,1218,135.869918875,'[2, 3, 4, 14, 5, 6, 7, 8, 9, 18, 17, 16, 15, 23, 24, 25, 26, 27, 35, 36, 44, 45, 54, 53, 52, 51, 50, 49, 58, 59, 60, 61, 62, 63, 72, 81, 80, 71, 70, 69, 78, 79, 88, 89, 90, 99, 98, 97, 96, 95, 87, 86, 85, 84, 94, 93, 92, 91, 83, 82, 73, 74, 75, 76, 77, 68, 67, 66, 65, 64, 56, 57, 55, 46, 47, 38, 48, 39, 40, 41, 42, 43, 34, 33, 32, 31, 30, 29, 37, 28, 19, 20, 21, 22, 13, 12, 11, 10, 1]'
rat99,GreedyNearestNeighbor,1559,0.004556166000014628,'[9, 8, 7, 6, 5, 14, 4, 3, 12, 11, 2, 10, 1, 13, 22, 21, 20, 19, 28, 37, 29, 30, 31, 32, 41, 40, 39, 48, 38, 47, 46, 55, 56, 57, 58, 59, 49, 50, 51, 52, 53, 54, 45, 44, 34, 43, 42, 33, 24, 25, 26, 35, 36, 27, 17, 18, 16, 15, 23, 60, 61, 62, 63, 72, 71, 70, 69, 78, 77, 76, 85, 84, 83, 82, 91, 92, 93, 94, 95, 86, 87, 88, 79, 80, 81, 89, 90, 99, 98, 97, 96, 75, 74, 65, 66, 67, 68, 64, 73]'
rat99,GeneticAlgorithm,1224,266.950134542,'[1, 10, 11, 12, 13, 22, 21, 20, 19, 28, 37, 29, 30, 31, 32, 41, 40, 39, 48, 38, 47, 46, 55, 57, 56, 64, 65, 66, 67, 68, 77, 76, 75, 74, 73, 82, 83, 91, 92, 93, 94, 84, 85, 86, 95, 96, 97, 98, 99, 90, 89, 87, 88, 79, 78, 69, 70, 71, 80, 81, 72, 63, 62, 61, 60, 59, 58, 49, 50, 51, 52, 53, 54, 45, 43, 42, 33, 34, 44, 36, 35, 27, 26, 25, 24, 23, 15, 16, 17, 18, 9, 8, 7, 6, 5, 14, 4, 3, 2]'
rat99,SimulatedAnnealing,1278,49.443682207999984,'[2, 4, 14, 5, 6, 7, 8, 9, 18, 17, 27, 26, 35, 36, 44, 45, 54, 53, 52, 51, 42, 43, 34, 33, 41, 32, 31, 30, 29, 38, 48, 39, 40, 50, 49, 60, 61, 62, 63, 72, 81, 80, 71, 70, 69, 78, 79, 77, 76, 75, 84, 85, 86, 95, 87, 88, 89, 90, 99, 98, 97, 96, 94, 93, 92, 91, 83, 82, 73, 74, 64, 65, 66, 67, 68, 59, 58, 57, 56, 55, 47, 46, 37, 28, 19, 20, 21, 22, 23, 24, 25, 16, 15, 13, 12, 3, 11, 10, 1]'
rat99,WangLeiAlgorithm,1215,79.893109041,'[45, 54, 53, 52, 51, 50, 49, 58, 59, 60, 61, 62, 63, 72, 81, 80, 71, 70, 69, 78, 79, 88, 87, 89, 90, 99, 98, 97, 96, 95, 86, 85, 84, 94, 93, 92, 91, 83, 82, 73, 74, 75, 76, 77, 68, 67, 66, 65, 64, 56, 57, 55, 46, 47, 38, 48, 39, 40, 41, 42, 43, 34, 33, 32, 31, 30, 29, 37, 28, 19, 20, 21, 22, 13, 12, 11, 10, 1, 2, 3, 4, 14, 5, 6, 7, 8, 9, 18, 17, 16, 15, 23, 24, 25, 26, 27, 35, 36, 44]'
rat99,GreedyNearestNeighbor,1551,0.002965165999967212,'[62, 61, 60, 51, 52, 53, 54, 45, 44, 34, 43, 42, 33, 32, 41, 40, 39, 48, 38, 47, 46, 55, 56, 57, 58, 59, 49, 50, 31, 30, 29, 37, 28, 19, 20, 21, 22, 13, 12, 11, 2, 3, 4, 5, 6, 7, 8, 9, 18, 17, 16, 15, 23, 24, 25, 26, 35, 36, 27, 14, 10, 1, 64, 65, 66, 67, 68, 78, 77, 76, 85, 84, 83, 82, 91, 92, 93, 94, 95, 86, 87, 88, 79, 80, 71, 70, 69, 72, 81, 89, 90, 99, 98, 97, 96, 75, 74, 73, 63]'
rat99,GeneticAlgorithm,1224,238.4039183750001,'[1, 10, 11, 12, 13, 22, 21, 20, 19, 28, 37, 29, 30, 31, 32, 41, 40, 39, 48, 38, 47, 46, 55, 57, 56, 64, 65, 66, 67, 68, 77, 76, 75, 74, 73, 82, 83, 91, 92, 93, 94, 84, 85, 86, 95, 96, 97, 98, 99, 90, 89, 87, 88, 79, 78, 69, 70, 71, 80, 81, 72, 63, 62, 61, 60, 59, 58, 49, 50, 51, 52, 53, 54, 45, 43, 42, 33, 34, 44, 36, 35, 27, 26, 25, 24, 23, 15, 16, 17, 18, 9, 8, 7, 6, 5, 14, 4, 3, 2]'
rat99,SimulatedAnnealing,1267,54.69541570900003,'[77, 68, 67, 75, 66, 59, 58, 49, 60, 61, 62, 63, 54, 45, 53, 52, 51, 50, 48, 39, 40, 41, 32, 33, 42, 43, 34, 44, 36, 35, 27, 26, 25, 24, 23, 15, 16, 17, 18, 9, 8, 7, 6, 5, 14, 4, 3, 2, 1, 10, 11, 12, 13, 22, 21, 31, 30, 20, 19, 28, 37, 29, 38, 47, 46, 55, 57, 56, 65, 64, 74, 73, 82, 91, 92, 94, 93, 83, 84, 76, 85, 86, 95, 96, 97, 98, 99, 90, 89, 87, 88, 79, 80, 81, 72, 71, 70, 69, 78]'
rat99,WangLeiAlgorithm,1221,98.35609987499993,'[92, 91, 83, 82, 73, 74, 64, 65, 56, 57, 55, 46, 47, 38, 48, 39, 40, 41, 32, 31, 30, 29, 37, 28, 19, 20, 21, 22, 13, 12, 11, 10, 1, 2, 3, 4, 14, 5, 6, 7, 8, 9, 18, 17, 16, 15, 23, 24, 25, 26, 27, 35, 36, 44, 34, 33, 42, 43, 45, 54, 53, 52, 51, 50, 49, 58, 59, 60, 61, 62, 63, 72, 81, 80, 71, 70, 69, 78, 77, 68, 67, 66, 75, 76, 84, 85, 86, 87, 88, 79, 89, 90, 99, 98, 97, 96, 95, 94, 93]'
rat99,GreedyNearestNeighbor,1516,0.0038377089999812597,'[50, 51, 52, 53, 54, 45, 44, 34, 43, 42, 33, 32, 41, 40, 39, 48, 38, 47, 46, 55, 56, 57, 58, 59, 49, 60, 61, 62, 63, 72, 71, 70, 69, 78, 77, 76, 85, 84, 83, 82, 91, 92, 93, 94, 95, 86, 87, 88, 79, 80, 81, 89, 90, 99, 98, 97, 96, 75, 74, 65, 66, 67, 68, 64, 73, 37, 28, 29, 30, 31, 21, 22, 13, 12, 11, 2, 3, 4, 5, 6, 7, 8, 9, 18, 17, 16, 15, 23, 24, 25, 26, 35, 36, 27, 14, 10, 1, 20, 19]'
rat99,GeneticAlgorithm,1224,260.713708958,'[1, 10, 11, 12, 13, 22, 21, 20, 19, 28, 37, 29, 30, 31, 32, 41, 40, 39, 48, 38, 47, 46, 55, 57, 56, 64, 65, 66, 67, 68, 77, 76, 75, 74, 73, 82, 83, 91, 92, 93, 94, 84, 85, 86, 95, 96, 97, 98, 99, 90, 89, 87, 88, 79, 78, 69, 70, 71, 80, 81, 72, 63, 62, 61, 60, 59, 58, 49, 50, 51, 52, 53, 54, 45, 43, 42, 33, 34, 44, 36, 35, 27, 26, 25, 24, 23, 15, 16, 17, 18, 9, 8, 7, 6, 5, 14, 4, 3, 2]'
rat99,SimulatedAnnealing,1283,53.94050229199979,'[82, 83, 91, 92, 93, 94, 84, 76, 85, 86, 95, 96, 97, 98, 99, 90, 89, 87, 88, 79, 77, 78, 69, 70, 71, 80, 81, 72, 63, 62, 61, 60, 59, 58, 49, 50, 51, 52, 53, 54, 45, 44, 36, 27, 17, 18, 9, 8, 7, 6, 5, 14, 16, 15, 13, 4, 3, 12, 11, 2, 1, 10, 20, 19, 21, 22, 23, 24, 25, 26, 35, 34, 43, 42, 33, 41, 32, 31, 30, 29, 28, 37, 38, 39, 40, 48, 47, 46, 55, 57, 56, 64, 65, 66, 67, 68, 75, 74, 73]'
rat99,WangLeiAlgorithm,1217,92.61142570800007,'[84, 75, 66, 74, 73, 82, 83, 91, 92, 93, 94, 95, 86, 87, 96, 97, 98, 99, 90, 89, 88, 79, 78, 69, 70, 71, 80, 81, 72, 63, 62, 61, 60, 49, 50, 51, 52, 53, 54, 45, 44, 36, 35, 27, 26, 25, 24, 23, 15, 16, 17, 18, 9, 8, 7, 6, 5, 14, 4, 3, 2, 1, 10, 11, 12, 13, 22, 21, 20, 19, 28, 37, 29, 30, 31, 32, 33, 34, 43, 42, 41, 40, 39, 48, 38, 47, 46, 55, 64, 65, 56, 57, 58, 59, 67, 68, 77, 76, 85]'
rat99,GreedyNearestNeighbor,1520,0.0034196660001271084,'[31, 32, 41, 40, 39, 48, 38, 47, 46, 55, 56, 57, 58, 59, 49, 50, 51, 52, 53, 54, 45, 44, 34, 43, 42, 33, 24, 25, 26, 35, 36, 27, 17, 18, 9, 8, 7, 6, 5, 14, 4, 3, 12, 11, 2, 10, 1, 13, 22, 21, 20, 19, 28, 37, 29, 30, 23, 15, 16, 60, 61, 62, 63, 72, 71, 70, 69, 78, 77, 76, 85, 84, 83, 82, 91, 92, 93, 94, 95, 86, 87, 88, 79, 80, 81, 89, 90, 99, 98, 97, 96, 75, 74, 65, 66, 67, 68, 64, 73]'
rat99,GeneticAlgorithm,1224,272.1359525419998,'[1, 10, 11, 12, 13, 22, 21, 20, 19, 28, 37, 29, 30, 31, 32, 41, 40, 39, 48, 38, 47, 46, 55, 57, 56, 64, 65, 66, 67, 68, 77, 76, 75, 74, 73, 82, 83, 91, 92, 93, 94, 84, 85, 86, 95, 96, 97, 98, 99, 90, 89, 87, 88, 79, 78, 69, 70, 71, 80, 81, 72, 63, 62, 61, 60, 59, 58, 49, 50, 51, 52, 53, 54, 45, 43, 42, 33, 34, 44, 36, 35, 27, 26, 25, 24, 23, 15, 16, 17, 18, 9, 8, 7, 6, 5, 14, 4, 3, 2]'
rat99,SimulatedAnnealing,1265,56.06970645799993,'[93, 83, 84, 76, 75, 66, 65, 56, 57, 58, 59, 67, 68, 78, 77, 85, 86, 87, 95, 96, 97, 98, 99, 90, 89, 88, 79, 69, 70, 71, 80, 81, 72, 63, 62, 61, 60, 49, 50, 51, 52, 53, 54, 45, 44, 36, 35, 27, 26, 17, 18, 9, 8, 7, 6, 5, 4, 14, 15, 16, 25, 24, 23, 22, 21, 13, 12, 3, 2, 1, 10, 11, 20, 19, 28, 37, 29, 30, 31, 32, 33, 34, 43, 42, 41, 40, 39, 48, 38, 47, 46, 55, 64, 74, 73, 82, 91, 92, 94]'
rat99,WangLeiAlgorithm,1212,96.94236508299991,'[66, 75, 76, 84, 85, 86, 87, 88, 79, 89, 90, 99, 98, 97, 96, 95, 94, 93, 92, 91, 83, 82, 73, 74, 64, 65, 56, 57, 55, 46, 47, 38, 48, 39, 40, 41, 42, 43, 34, 33, 32, 31, 30, 29, 37, 28, 19, 20, 21, 22, 13, 12, 11, 10, 1, 2, 3, 4, 14, 5, 6, 7, 8, 9, 18, 17, 16, 15, 23, 24, 25, 26, 27, 35, 36, 44, 45, 54, 53, 52, 51, 50, 49, 58, 59, 60, 61, 62, 63, 72, 81, 80, 71, 70, 69, 78, 77, 68, 67]'
rat99,GreedyNearestNeighbor,1559,0.003449499999987893,'[9, 8, 7, 6, 5, 14, 4, 3, 12, 11, 2, 10, 1, 13, 22, 21, 20, 19, 28, 37, 29, 30, 31, 32, 41, 40, 39, 48, 38, 47, 46, 55, 56, 57, 58, 59, 49, 50, 51, 52, 53, 54, 45, 44, 34, 43, 42, 33, 24, 25, 26, 35, 36, 27, 17, 18, 16, 15, 23, 60, 61, 62, 63, 72, 71, 70, 69, 78, 77, 76, 85, 84, 83, 82, 91, 92, 93, 94, 95, 86, 87, 88, 79, 80, 81, 89, 90, 99, 98, 97, 96, 75, 74, 65, 66, 67, 68, 64, 73]'
rat99,GeneticAlgorithm,1224,270.16462820799984,'[1, 10, 11, 12, 13, 22, 21, 20, 19, 28, 37, 29, 30, 31, 32, 41, 40, 39, 48, 38, 47, 46, 55, 57, 56, 64, 65, 66, 67, 68, 77, 76, 75, 74, 73, 82, 83, 91, 92, 93, 94, 84, 85, 86, 95, 96, 97, 98, 99, 90, 89, 87, 88, 79, 78, 69, 70, 71, 80, 81, 72, 63, 62, 61, 60, 59, 58, 49, 50, 51, 52, 53, 54, 45, 43, 42, 33, 34, 44, 36, 35, 27, 26, 25, 24, 23, 15, 16, 17, 18, 9, 8, 7, 6, 5, 14, 4, 3, 2]'
rat99,SimulatedAnnealing,1293,55.1878565840002,'[63, 53, 54, 45, 44, 36, 35, 34, 43, 42, 52, 51, 50, 33, 24, 23, 15, 16, 25, 26, 27, 17, 18, 9, 8, 7, 6, 5, 14, 4, 3, 2, 1, 10, 11, 12, 13, 22, 21, 20, 19, 28, 37, 38, 29, 30, 31, 32, 41, 40, 39, 48, 47, 46, 55, 57, 56, 64, 65, 66, 75, 74, 73, 82, 83, 91, 92, 93, 94, 95, 96, 97, 98, 99, 90, 89, 88, 87, 86, 85, 84, 76, 77, 68, 67, 59, 58, 49, 60, 61, 62, 71, 70, 69, 78, 79, 80, 81, 72]'
rat99,WangLeiAlgorithm,1219,97.35847691699973,'[40, 39, 48, 38, 47, 46, 55, 57, 56, 64, 65, 66, 75, 74, 73, 82, 83, 91, 92, 93, 94, 95, 96, 97, 98, 99, 90, 89, 88, 87, 86, 85, 84, 76, 77, 78, 79, 80, 81, 72, 63, 62, 61, 71, 70, 69, 68, 67, 59, 58, 49, 50, 60, 51, 52, 53, 54, 45, 44, 36, 35, 27, 26, 25, 24, 23, 15, 16, 17, 18, 9, 8, 7, 6, 5, 14, 4, 3, 2, 1, 10, 11, 12, 13, 22, 21, 20, 19, 28, 37, 29, 30, 31, 32, 33, 34, 43, 42, 41]'
rat99,GreedyNearestNeighbor,1466,0.003133334000267496,'[92, 91, 93, 94, 95, 86, 85, 76, 77, 78, 69, 70, 71, 80, 81, 72, 63, 62, 61, 60, 51, 52, 53, 54, 45, 44, 34, 43, 42, 33, 32, 41, 40, 39, 48, 38, 47, 46, 55, 56, 57, 58, 59, 49, 50, 31, 30, 29, 37, 28, 19, 20, 21, 22, 13, 12, 11, 2, 3, 4, 5, 6, 7, 8, 9, 18, 17, 16, 15, 23, 24, 25, 26, 35, 36, 27, 14, 10, 1, 64, 65, 66, 67, 68, 75, 74, 73, 82, 83, 84, 87, 88, 79, 89, 90, 99, 98, 97, 96]'
rat99,GeneticAlgorithm,1215,303.55963062499995,'[1, 10, 11, 12, 13, 22, 21, 20, 19, 28, 37, 29, 30, 31, 32, 33, 34, 43, 42, 41, 40, 39, 48, 38, 47, 46, 55, 57, 56, 64, 65, 66, 67, 68, 77, 76, 75, 74, 73, 82, 83, 91, 92, 93, 94, 84, 85, 86, 95, 96, 97, 98, 99, 90, 89, 87, 88, 79, 78, 69, 70, 71, 80, 81, 72, 63, 62, 61, 60, 59, 58, 49, 50, 51, 52, 53, 54, 45, 44, 36, 35, 27, 26, 25, 24, 23, 15, 16, 17, 18, 9, 8, 7, 6, 5, 14, 4, 3, 2]'
rat99,SimulatedAnnealing,1276,53.6762497499999,'[84, 86, 87, 88, 77, 85, 76, 75, 73, 74, 64, 65, 66, 59, 58, 57, 56, 55, 46, 47, 38, 48, 39, 40, 41, 42, 43, 34, 33, 32, 31, 30, 29, 37, 28, 19, 20, 21, 22, 13, 14, 12, 11, 10, 1, 2, 3, 4, 5, 6, 7, 8, 9, 18, 27, 17, 16, 15, 23, 24, 25, 26, 35, 36, 44, 45, 54, 53, 52, 51, 50, 49, 60, 61, 62, 63, 72, 81, 80, 71, 70, 69, 67, 68, 78, 79, 89, 90, 99, 98, 97, 96, 95, 94, 93, 92, 91, 82, 83]'
rat99,WangLeiAlgorithm,1217,73.3735592500002,'[36, 44, 45, 54, 53, 52, 51, 50, 49, 60, 61, 62, 63, 72, 81, 80, 71, 70, 69, 78, 77, 79, 88, 89, 90, 99, 98, 97, 96, 87, 86, 95, 94, 93, 92, 91, 82, 83, 84, 85, 76, 75, 73, 74, 64, 65, 66, 67, 68, 59, 58, 57, 56, 55, 46, 47, 38, 48, 39, 40, 41, 42, 43, 34, 33, 32, 31, 30, 29, 37, 28, 19, 20, 21, 22, 13, 12, 11, 10, 1, 2, 3, 4, 14, 5, 6, 7, 8, 9, 18, 17, 16, 15, 23, 24, 25, 26, 27, 35]'
rat99,GreedyNearestNeighbor,1579,0.002983208000387094,'[33, 32, 41, 40, 39, 48, 38, 47, 46, 55, 56, 57, 58, 59, 49, 50, 51, 52, 53, 54, 45, 44, 34, 43, 42, 31, 30, 29, 37, 28, 19, 20, 21, 22, 13, 12, 11, 2, 3, 4, 5, 6, 7, 8, 9, 18, 17, 16, 15, 23, 24, 25, 26, 35, 36, 27, 14, 10, 1, 60, 61, 62, 63, 72, 71, 70, 69, 78, 77, 76, 85, 84, 83, 82, 91, 92, 93, 94, 95, 86, 87, 88, 79, 80, 81, 89, 90, 99, 98, 97, 96, 75, 74, 65, 66, 67, 68, 64, 73]'
rat99,GeneticAlgorithm,1224,271.25457029200015,'[1, 10, 11, 12, 13, 22, 21, 20, 19, 28, 37, 29, 30, 31, 32, 41, 40, 39, 48, 38, 47, 46, 55, 57, 56, 64, 65, 66, 67, 68, 77, 76, 75, 74, 73, 82, 83, 91, 92, 93, 94, 84, 85, 86, 95, 96, 97, 98, 99, 90, 89, 87, 88, 79, 78, 69, 70, 71, 80, 81, 72, 63, 62, 61, 60, 59, 58, 49, 50, 51, 52, 53, 54, 45, 43, 42, 33, 34, 44, 36, 35, 27, 26, 25, 24, 23, 15, 16, 17, 18, 9, 8, 7, 6, 5, 14, 4, 3, 2]'
rat99,SimulatedAnnealing,1297,57.30903791599985,'[8, 18, 17, 27, 35, 36, 44, 34, 43, 42, 33, 26, 25, 24, 16, 15, 23, 22, 21, 30, 31, 32, 41, 40, 50, 60, 51, 52, 53, 45, 54, 63, 62, 61, 69, 70, 71, 72, 81, 80, 79, 88, 87, 89, 90, 99, 98, 97, 96, 95, 86, 85, 84, 94, 93, 92, 91, 83, 82, 73, 74, 75, 76, 77, 78, 68, 67, 66, 65, 64, 55, 46, 47, 56, 57, 58, 59, 49, 48, 39, 38, 29, 37, 28, 19, 20, 13, 12, 11, 10, 1, 2, 3, 4, 14, 5, 6, 7, 9]'
rat99,WangLeiAlgorithm,1211,95.25439549999965,'[54, 53, 52, 51, 50, 49, 60, 61, 62, 63, 72, 81, 80, 71, 70, 69, 78, 77, 76, 84, 85, 86, 87, 88, 79, 89, 90, 99, 98, 97, 96, 95, 94, 93, 92, 91, 83, 82, 73, 74, 75, 66, 67, 68, 59, 58, 57, 56, 65, 64, 55, 46, 47, 38, 48, 39, 40, 41, 42, 43, 34, 33, 32, 31, 30, 29, 37, 28, 19, 20, 21, 22, 13, 12, 11, 10, 1, 2, 3, 4, 14, 5, 6, 7, 8, 9, 18, 17, 16, 15, 23, 24, 25, 26, 27, 35, 36, 44, 45]'
rat99,GreedyNearestNeighbor,1600,0.0035067919998255093,'[19, 20, 21, 22, 13, 12, 11, 2, 3, 4, 5, 6, 7, 8, 9, 18, 17, 16, 15, 23, 24, 25, 26, 35, 36, 44, 34, 43, 42, 33, 32, 41, 40, 39, 48, 38, 47, 46, 55, 56, 57, 58, 59, 49, 50, 51, 52, 53, 54, 45, 63, 62, 61, 60, 69, 70, 71, 80, 81, 72, 79, 78, 77, 76, 85, 84, 83, 82, 91, 92, 93, 94, 95, 86, 87, 88, 89, 90, 99, 98, 97, 96, 75, 74, 65, 66, 67, 68, 64, 73, 37, 28, 29, 30, 31, 14, 10, 1, 27]'
rat99,GeneticAlgorithm,1224,278.3516697500004,'[1, 10, 11, 12, 13, 22, 21, 20, 19, 28, 37, 29, 30, 31, 32, 41, 40, 39, 48, 38, 47, 46, 55, 57, 56, 64, 65, 66, 67, 68, 77, 76, 75, 74, 73, 82, 83, 91, 92, 93, 94, 84, 85, 86, 95, 96, 97, 98, 99, 90, 89, 87, 88, 79, 78, 69, 70, 71, 80, 81, 72, 63, 62, 61, 60, 59, 58, 49, 50, 51, 52, 53, 54, 45, 43, 42, 33, 34, 44, 36, 35, 27, 26, 25, 24, 23, 15, 16, 17, 18, 9, 8, 7, 6, 5, 14, 4, 3, 2]'
rat99,SimulatedAnnealing,1287,54.67758033300015,'[9, 18, 17, 27, 36, 35, 26, 25, 16, 15, 24, 23, 13, 22, 21, 30, 31, 32, 40, 41, 33, 42, 43, 34, 44, 45, 54, 63, 53, 52, 51, 50, 49, 60, 62, 61, 59, 58, 57, 56, 65, 66, 67, 68, 75, 76, 77, 78, 69, 70, 71, 72, 81, 80, 79, 88, 87, 89, 90, 99, 98, 97, 96, 95, 86, 85, 84, 83, 93, 94, 92, 91, 82, 73, 74, 64, 55, 46, 47, 48, 39, 38, 29, 37, 28, 19, 20, 10, 1, 2, 11, 12, 3, 4, 14, 5, 6, 7, 8]'
rat99,WangLeiAlgorithm,1219,92.86005279100027,'[81, 72, 63, 62, 61, 59, 58, 49, 50, 60, 51, 52, 53, 54, 45, 44, 36, 35, 27, 26, 25, 24, 23, 15, 16, 17, 18, 9, 8, 7, 6, 5, 14, 4, 3, 2, 1, 10, 11, 12, 13, 22, 21, 20, 19, 28, 37, 29, 30, 31, 32, 33, 34, 43, 42, 41, 40, 39, 48, 38, 47, 46, 55, 57, 56, 64, 65, 66, 67, 68, 77, 76, 85, 84, 75, 74, 73, 82, 83, 91, 92, 93, 94, 95, 86, 87, 96, 97, 98, 99, 90, 89, 88, 79, 78, 69, 70, 71, 80]'
rat99,GreedyNearestNeighbor,1474,0.0038493330002893344,'[83, 82, 91, 92, 93, 94, 95, 86, 85, 76, 77, 78, 69, 70, 71, 80, 81, 72, 63, 62, 61, 60, 51, 52, 53, 54, 45, 44, 34, 43, 42, 33, 32, 41, 40, 39, 48, 38, 47, 46, 55, 56, 57, 58, 59, 49, 50, 31, 30, 29, 37, 28, 19, 20, 21, 22, 13, 12, 11, 2, 3, 4, 5, 6, 7, 8, 9, 18, 17, 16, 15, 23, 24, 25, 26, 35, 36, 27, 14, 10, 1, 64, 65, 66, 67, 68, 75, 74, 73, 84, 87, 88, 79, 89, 90, 99, 98, 97, 96]'
rat99,GeneticAlgorithm,1224,276.80838633300027,'[1, 10, 11, 12, 13, 22, 21, 20, 19, 28, 37, 29, 30, 31, 32, 41, 40, 39, 48, 38, 47, 46, 55, 57, 56, 64, 65, 66, 67, 68, 77, 76, 75, 74, 73, 82, 83, 91, 92, 93, 94, 84, 85, 86, 95, 96, 97, 98, 99, 90, 89, 87, 88, 79, 78, 69, 70, 71, 80, 81, 72, 63, 62, 61, 60, 59, 58, 49, 50, 51, 52, 53, 54, 45, 43, 42, 33, 34, 44, 36, 35, 27, 26, 25, 24, 23, 15, 16, 17, 18, 9, 8, 7, 6, 5, 14, 4, 3, 2]'
rat99,SimulatedAnnealing,1323,59.798117792000085,'[97, 87, 95, 86, 85, 84, 94, 93, 92, 91, 83, 82, 73, 74, 64, 65, 66, 67, 59, 58, 57, 56, 55, 46, 47, 38, 37, 28, 29, 30, 31, 32, 41, 33, 42, 43, 34, 26, 25, 24, 23, 16, 15, 14, 12, 11, 13, 22, 21, 19, 20, 10, 1, 2, 3, 4, 5, 6, 7, 8, 9, 18, 17, 27, 35, 36, 44, 45, 54, 63, 53, 52, 51, 50, 40, 39, 48, 49, 60, 61, 62, 70, 71, 72, 81, 80, 69, 68, 75, 76, 77, 78, 79, 88, 89, 90, 99, 98, 96]'
rat99,WangLeiAlgorithm,1217,93.18317916699971,'[96, 95, 86, 85, 84, 94, 93, 92, 91, 83, 82, 73, 74, 64, 65, 66, 75, 76, 77, 68, 67, 59, 58, 57, 56, 55, 46, 47, 38, 48, 39, 40, 41, 42, 43, 34, 33, 32, 31, 30, 29, 37, 28, 19, 20, 21, 22, 13, 12, 11, 10, 1, 2, 3, 4, 14, 5, 6, 7, 8, 9, 18, 17, 16, 15, 23, 24, 25, 26, 27, 35, 36, 44, 45, 54, 53, 52, 51, 50, 49, 60, 61, 62, 63, 72, 81, 80, 71, 70, 69, 78, 79, 88, 87, 89, 90, 99, 98, 97]'
rat99,GreedyNearestNeighbor,1514,0.003639082999598031,'[36, 35, 26, 25, 24, 23, 15, 16, 17, 18, 9, 8, 7, 6, 5, 14, 4, 3, 12, 11, 2, 10, 1, 13, 22, 21, 20, 19, 28, 37, 29, 30, 31, 32, 41, 40, 39, 48, 38, 47, 46, 55, 56, 57, 58, 59, 49, 50, 51, 52, 53, 54, 45, 44, 34, 43, 42, 33, 27, 63, 62, 61, 60, 69, 70, 71, 80, 81, 72, 79, 78, 77, 76, 85, 84, 83, 82, 91, 92, 93, 94, 95, 86, 87, 88, 89, 90, 99, 98, 97, 96, 75, 74, 65, 66, 67, 68, 64, 73]'
rat99,GeneticAlgorithm,1224,261.97734324999965,'[1, 10, 11, 12, 13, 22, 21, 20, 19, 28, 37, 29, 30, 31, 32, 41, 40, 39, 48, 38, 47, 46, 55, 57, 56, 64, 65, 66, 67, 68, 77, 76, 75, 74, 73, 82, 83, 91, 92, 93, 94, 84, 85, 86, 95, 96, 97, 98, 99, 90, 89, 87, 88, 79, 78, 69, 70, 71, 80, 81, 72, 63, 62, 61, 60, 59, 58, 49, 50, 51, 52, 53, 54, 45, 43, 42, 33, 34, 44, 36, 35, 27, 26, 25, 24, 23, 15, 16, 17, 18, 9, 8, 7, 6, 5, 14, 4, 3, 2]'
rat195,ChristofidesSerdyukov,2725,0.23668979100057186,'[1, 21, 34, 35, 36, 37, 38, 39, 52, 51, 50, 49, 48, 47, 46, 60, 61, 62, 74, 75, 76, 87, 86, 85, 84, 97, 98, 111, 112, 113, 114, 161, 162, 163, 164, 151, 150, 149, 148, 147, 134, 146, 160, 159, 172, 173, 174, 175, 176, 177, 178, 179, 192, 191, 193, 194, 195, 182, 181, 180, 167, 168, 169, 156, 155, 154, 141, 153, 152, 166, 165, 190, 189, 188, 187, 186, 185, 183, 184, 171, 170, 158, 157, 144, 145, 132, 133, 131, 118, 119, 120, 135, 136, 137, 138, 139, 140, 142, 143, 129, 128, 130, 117, 116, 115, 127, 126, 125, 124, 123, 122, 121, 108, 109, 110, 94, 107, 106, 105, 92, 93, 95, 96, 99, 100, 101, 102, 103, 104, 91, 90, 89, 88, 77, 78, 65, 64, 63, 73, 72, 83, 82, 81, 80, 79, 66, 67, 68, 69, 70, 71, 58, 59, 57, 56, 43, 55, 54, 53, 40, 41, 42, 44, 45, 33, 32, 31, 30, 29, 28, 27, 15, 14, 16, 17, 18, 19, 6, 20, 22, 23, 24, 25, 26, 13, 12, 11, 10, 9, 8, 7, 5, 4, 3, 2]'
rat195,2-OPT,2470,6.450942374999613,'[1, 15, 14, 27, 28, 29, 30, 31, 32, 33, 45, 44, 43, 42, 41, 40, 53, 54, 55, 56, 57, 59, 58, 71, 70, 69, 68, 67, 66, 79, 80, 81, 82, 83, 97, 96, 95, 94, 93, 92, 105, 106, 107, 109, 110, 108, 121, 122, 123, 124, 138, 139, 140, 141, 154, 152, 153, 166, 165, 177, 176, 175, 174, 173, 172, 159, 160, 146, 147, 134, 148, 149, 161, 162, 163, 164, 151, 150, 137, 136, 135, 120, 119, 118, 131, 133, 132, 145, 144, 158, 157, 170, 171, 183, 184, 185, 186, 187, 188, 189, 190, 178, 179, 192, 191, 193, 194, 195, 182, 181, 180, 167, 168, 169, 156, 155, 143, 142, 128, 129, 130, 117, 116, 115, 114, 127, 126, 125, 113, 112, 111, 98, 99, 100, 101, 102, 103, 104, 91, 90, 89, 88, 87, 86, 85, 84, 72, 73, 74, 75, 76, 77, 78, 65, 64, 63, 62, 61, 60, 46, 47, 48, 49, 50, 51, 52, 39, 38, 37, 36, 35, 34, 20, 7, 21, 22, 23, 24, 25, 26, 13, 12, 11, 10, 9, 8, 6, 19, 18, 17, 16, 5, 4, 3, 2]'
rat195,SimulatedAnnealing,2511,106.27822870799992,'[124, 149, 150, 151, 152, 153, 154, 155, 156, 169, 181, 182, 195, 194, 193, 180, 167, 168, 166, 165, 178, 179, 192, 191, 190, 189, 176, 177, 164, 163, 162, 161, 173, 174, 175, 188, 187, 186, 185, 184, 183, 171, 170, 157, 158, 172, 159, 160, 148, 147, 146, 145, 144, 132, 131, 118, 119, 106, 105, 92, 93, 81, 80, 79, 66, 67, 68, 55, 54, 53, 40, 41, 42, 43, 56, 57, 59, 60, 61, 62, 74, 75, 76, 63, 49, 48, 47, 46, 45, 44, 33, 32, 31, 30, 18, 17, 16, 29, 28, 27, 14, 15, 1, 2, 3, 4, 5, 6, 7, 8, 9, 10, 11, 12, 13, 25, 24, 23, 22, 21, 19, 20, 34, 35, 36, 37, 38, 26, 39, 52, 51, 50, 64, 65, 78, 77, 90, 91, 104, 103, 117, 116, 115, 114, 113, 112, 111, 98, 99, 100, 101, 102, 89, 88, 87, 86, 85, 73, 72, 71, 58, 69, 70, 82, 83, 84, 97, 96, 95, 94, 107, 108, 109, 110, 123, 122, 121, 120, 133, 134, 135, 136, 137, 138, 139, 140, 141, 142, 143, 130, 129, 128, 127, 126, 125]'
rat195,WangLeiAlgorithm,2376,518.278750042,'[171, 183, 184, 185, 186, 187, 188, 189, 190, 191, 192, 179, 178, 177, 176, 162, 163, 164, 150, 151, 152, 153, 166, 165, 167, 180, 181, 193, 194, 195, 182, 169, 168, 156, 155, 154, 141, 142, 143, 130, 129, 128, 127, 114, 113, 112, 99, 100, 101, 102, 115, 116, 117, 103, 104, 91, 90, 89, 88, 87, 86, 73, 74, 75, 76, 77, 78, 65, 64, 63, 62, 61, 60, 59, 45, 46, 47, 48, 49, 50, 51, 52, 39, 38, 37, 36, 35, 22, 23, 24, 25, 26, 13, 12, 11, 10, 9, 8, 7, 6, 5, 4, 3, 2, 1, 15, 14, 27, 28, 29, 16, 17, 18, 19, 20, 21, 34, 33, 32, 31, 30, 44, 43, 42, 41, 40, 53, 54, 55, 56, 57, 58, 71, 72, 85, 84, 83, 82, 70, 69, 68, 67, 66, 79, 80, 81, 93, 92, 105, 106, 107, 94, 95, 96, 97, 98, 111, 110, 109, 108, 121, 122, 123, 124, 125, 126, 140, 139, 138, 137, 136, 135, 149, 148, 147, 134, 133, 120, 119, 118, 131, 132, 144, 145, 146, 160, 161, 175, 174, 173, 172, 159, 158, 157, 170]'
rat195,GreedyNearestNeighbor,2786,0.010082750000037777,'[6, 5, 4, 3, 2, 1, 14, 15, 16, 17, 18, 19, 20, 21, 22, 23, 24, 25, 26, 39, 38, 37, 36, 35, 34, 33, 32, 31, 30, 29, 28, 27, 40, 41, 42, 43, 56, 57, 58, 71, 72, 73, 74, 75, 76, 77, 78, 65, 64, 63, 62, 61, 60, 59, 45, 44, 46, 47, 48, 49, 50, 51, 52, 13, 12, 11, 10, 9, 8, 7, 55, 54, 53, 67, 66, 79, 80, 81, 82, 83, 84, 85, 86, 87, 88, 89, 90, 91, 104, 103, 102, 101, 100, 99, 98, 97, 96, 95, 94, 93, 92, 105, 106, 107, 108, 109, 110, 111, 112, 113, 114, 127, 126, 125, 124, 123, 122, 121, 120, 119, 118, 131, 132, 133, 134, 147, 148, 149, 150, 151, 152, 153, 166, 165, 164, 163, 162, 161, 160, 159, 172, 171, 170, 157, 158, 146, 145, 144, 135, 136, 137, 138, 139, 140, 141, 154, 155, 156, 143, 142, 129, 128, 130, 117, 116, 115, 168, 167, 180, 181, 182, 195, 194, 193, 192, 191, 190, 189, 188, 187, 186, 185, 184, 183, 173, 174, 175, 176, 177, 178, 179, 169, 70, 69, 68]'
rat195,GeneticAlgorithm,2359,626.5770958749999,'[1, 2, 3, 4, 16, 17, 18, 19, 5, 6, 7, 8, 9, 10, 11, 12, 13, 26, 25, 24, 23, 22, 21, 20, 34, 35, 36, 37, 38, 39, 52, 51, 50, 49, 48, 47, 46, 59, 60, 61, 62, 63, 64, 65, 78, 77, 76, 75, 74, 73, 72, 85, 86, 87, 88, 89, 90, 91, 104, 103, 117, 116, 115, 102, 101, 100, 99, 98, 111, 112, 113, 114, 126, 127, 128, 129, 130, 143, 142, 141, 154, 155, 156, 169, 168, 167, 180, 181, 182, 195, 194, 193, 192, 191, 190, 189, 188, 187, 186, 185, 184, 183, 171, 170, 157, 158, 144, 145, 132, 131, 118, 119, 120, 133, 134, 135, 136, 137, 149, 150, 151, 164, 163, 162, 161, 148, 147, 146, 160, 159, 172, 173, 174, 175, 176, 177, 178, 179, 165, 166, 153, 152, 140, 139, 138, 125, 124, 123, 122, 121, 110, 109, 108, 107, 106, 105, 92, 93, 94, 95, 96, 97, 84, 83, 82, 81, 80, 79, 66, 67, 68, 69, 70, 71, 58, 57, 56, 55, 54, 53, 40, 41, 42, 43, 44, 45, 33, 32, 31, 30, 29, 28, 27, 14, 15]'
rat195,SimulatedAnnealing,2594,101.08016366599986,'[156, 117, 116, 115, 114, 113, 100, 101, 102, 103, 104, 91, 90, 78, 77, 89, 88, 76, 75, 74, 62, 63, 64, 65, 52, 51, 50, 49, 37, 38, 39, 26, 25, 24, 13, 12, 11, 10, 9, 8, 7, 21, 22, 23, 36, 35, 34, 20, 19, 6, 5, 4, 3, 2, 1, 14, 15, 16, 17, 18, 31, 32, 33, 46, 47, 48, 61, 60, 59, 45, 44, 43, 30, 29, 28, 27, 40, 53, 41, 42, 56, 57, 58, 71, 70, 69, 82, 68, 55, 54, 67, 66, 80, 79, 92, 105, 93, 81, 83, 84, 85, 72, 73, 86, 87, 99, 112, 111, 98, 97, 96, 95, 94, 107, 106, 108, 109, 110, 121, 122, 123, 136, 135, 134, 133, 132, 120, 119, 118, 131, 144, 145, 147, 146, 160, 159, 158, 157, 170, 172, 171, 183, 184, 185, 186, 187, 188, 189, 190, 191, 192, 193, 194, 195, 182, 181, 180, 179, 178, 167, 169, 168, 166, 165, 164, 163, 162, 177, 176, 175, 174, 173, 161, 148, 149, 150, 151, 152, 153, 154, 141, 140, 139, 138, 137, 124, 125, 126, 127, 128, 129, 130, 143, 142, 155]'
rat195,WangLeiAlgorithm,2395,555.6781280409996,'[158, 157, 170, 171, 183, 184, 185, 186, 187, 188, 189, 190, 191, 192, 193, 194, 195, 182, 181, 169, 168, 167, 180, 179, 178, 177, 176, 165, 166, 153, 152, 154, 141, 155, 156, 143, 142, 130, 129, 128, 140, 139, 138, 137, 136, 135, 123, 124, 125, 126, 127, 114, 113, 112, 111, 98, 99, 100, 101, 102, 115, 116, 117, 103, 104, 91, 90, 89, 88, 87, 86, 85, 73, 72, 71, 70, 69, 68, 55, 56, 57, 58, 59, 60, 61, 62, 74, 75, 76, 77, 78, 65, 64, 63, 49, 48, 37, 50, 51, 52, 39, 26, 25, 38, 36, 35, 34, 20, 21, 22, 23, 24, 13, 12, 11, 10, 9, 8, 7, 6, 5, 19, 18, 17, 16, 4, 3, 2, 1, 14, 15, 27, 28, 29, 30, 31, 32, 33, 47, 46, 45, 44, 43, 42, 41, 40, 53, 54, 67, 66, 79, 80, 81, 82, 83, 84, 97, 96, 95, 94, 93, 92, 105, 106, 107, 108, 109, 110, 122, 121, 120, 119, 118, 131, 132, 133, 134, 147, 148, 149, 150, 151, 164, 163, 162, 161, 175, 174, 173, 172, 159, 160, 146, 145, 144]'
rat195,GreedyNearestNeighbor,2796,0.011274833999777911,'[126, 125, 124, 123, 122, 121, 108, 109, 110, 111, 112, 113, 114, 127, 128, 129, 130, 143, 142, 141, 140, 139, 138, 137, 136, 135, 134, 133, 132, 131, 118, 119, 120, 106, 107, 94, 93, 92, 105, 95, 96, 97, 98, 99, 100, 101, 102, 103, 104, 91, 90, 89, 88, 87, 86, 85, 72, 73, 74, 75, 76, 77, 78, 65, 64, 63, 62, 61, 60, 59, 58, 57, 56, 43, 42, 41, 40, 53, 54, 55, 68, 67, 66, 79, 80, 81, 82, 83, 84, 70, 69, 71, 45, 44, 30, 29, 28, 27, 14, 15, 16, 17, 18, 19, 6, 5, 4, 3, 2, 1, 31, 32, 33, 46, 47, 48, 49, 50, 51, 52, 39, 38, 37, 36, 35, 34, 21, 20, 7, 8, 9, 10, 11, 12, 13, 25, 24, 23, 22, 26, 115, 116, 117, 155, 156, 168, 167, 180, 181, 182, 195, 194, 193, 192, 191, 190, 189, 188, 187, 186, 185, 184, 183, 171, 172, 159, 160, 146, 147, 148, 149, 150, 151, 152, 153, 166, 165, 164, 163, 162, 161, 174, 173, 175, 176, 177, 178, 179, 169, 154, 145, 144, 158, 157, 170]'
rat195,GeneticAlgorithm,2356,735.2774775829994,'[1, 2, 3, 4, 16, 17, 18, 19, 5, 6, 7, 8, 9, 10, 11, 12, 13, 26, 25, 24, 23, 22, 21, 20, 34, 35, 36, 37, 38, 39, 52, 51, 50, 49, 48, 47, 46, 59, 60, 61, 62, 63, 64, 65, 78, 77, 76, 75, 74, 73, 72, 85, 86, 87, 88, 89, 90, 91, 104, 103, 117, 116, 115, 102, 101, 100, 99, 98, 111, 112, 113, 114, 127, 128, 129, 130, 143, 142, 141, 154, 155, 156, 169, 168, 167, 180, 181, 182, 195, 194, 193, 192, 191, 190, 189, 188, 187, 186, 185, 184, 183, 171, 170, 157, 158, 144, 145, 132, 131, 118, 119, 120, 133, 134, 135, 136, 137, 149, 150, 151, 164, 163, 162, 161, 148, 147, 146, 160, 159, 172, 173, 174, 175, 176, 177, 178, 179, 165, 166, 153, 152, 138, 139, 140, 126, 125, 124, 123, 122, 121, 110, 109, 108, 107, 106, 105, 92, 93, 94, 95, 96, 97, 84, 83, 82, 81, 80, 79, 66, 67, 68, 69, 70, 71, 58, 57, 56, 55, 54, 53, 40, 41, 42, 43, 44, 45, 33, 32, 31, 30, 29, 28, 27, 14, 15]'
rat195,SimulatedAnnealing,2562,98.40472187500018,'[120, 114, 113, 112, 111, 110, 98, 97, 84, 85, 86, 87, 99, 100, 101, 102, 115, 116, 117, 103, 104, 91, 90, 89, 88, 75, 76, 77, 78, 65, 64, 63, 62, 61, 60, 74, 73, 72, 71, 58, 59, 46, 47, 33, 45, 57, 56, 43, 44, 31, 32, 18, 19, 20, 21, 22, 34, 35, 48, 49, 50, 52, 51, 37, 36, 38, 39, 26, 25, 13, 12, 11, 24, 23, 10, 9, 8, 7, 6, 5, 4, 3, 2, 1, 17, 16, 15, 14, 27, 28, 29, 30, 42, 41, 40, 53, 54, 55, 67, 66, 79, 80, 68, 69, 70, 83, 82, 81, 95, 96, 109, 108, 107, 94, 93, 92, 105, 106, 119, 118, 131, 132, 144, 145, 146, 147, 148, 134, 133, 135, 136, 137, 138, 149, 150, 151, 164, 163, 161, 162, 177, 176, 175, 174, 173, 172, 159, 160, 158, 157, 170, 171, 183, 184, 185, 186, 187, 188, 189, 190, 191, 192, 179, 193, 194, 195, 182, 181, 169, 168, 167, 180, 178, 165, 166, 153, 152, 139, 140, 141, 154, 155, 156, 143, 142, 130, 129, 128, 127, 126, 125, 124, 123, 122, 121]'
rat195,WangLeiAlgorithm,2373,454.3871283749995,'[192, 191, 190, 189, 188, 187, 186, 185, 184, 183, 170, 171, 172, 173, 174, 175, 176, 177, 164, 163, 162, 161, 160, 159, 158, 157, 144, 145, 146, 147, 148, 149, 136, 135, 134, 133, 132, 131, 118, 119, 120, 121, 122, 123, 124, 110, 109, 108, 107, 106, 105, 92, 93, 94, 95, 96, 97, 84, 83, 82, 81, 80, 79, 66, 67, 68, 69, 70, 71, 58, 59, 57, 56, 55, 54, 53, 40, 41, 42, 43, 45, 44, 30, 31, 32, 18, 17, 16, 29, 28, 27, 14, 15, 1, 2, 3, 4, 5, 6, 19, 20, 7, 8, 9, 10, 23, 24, 11, 12, 13, 25, 26, 38, 39, 52, 51, 50, 37, 36, 35, 22, 21, 34, 33, 46, 47, 48, 49, 61, 60, 62, 63, 64, 65, 78, 77, 76, 75, 74, 73, 72, 85, 86, 87, 88, 89, 90, 91, 104, 103, 117, 116, 115, 102, 101, 100, 99, 98, 111, 112, 113, 114, 127, 125, 126, 128, 129, 130, 143, 142, 141, 140, 139, 138, 137, 150, 151, 152, 153, 154, 155, 156, 169, 168, 167, 166, 165, 178, 179, 180, 181, 182, 195, 194, 193]'
rat195,GreedyNearestNeighbor,2741,0.011998916999800713,'[163, 162, 161, 160, 159, 172, 171, 170, 157, 158, 146, 147, 148, 149, 150, 151, 152, 153, 166, 165, 164, 177, 176, 175, 174, 173, 186, 185, 184, 183, 187, 188, 189, 190, 191, 192, 193, 194, 195, 182, 181, 180, 167, 168, 169, 156, 155, 154, 141, 140, 139, 138, 137, 136, 135, 134, 133, 132, 131, 118, 119, 120, 121, 122, 123, 124, 125, 126, 127, 114, 113, 112, 111, 98, 97, 96, 95, 94, 93, 92, 105, 106, 107, 108, 109, 110, 99, 100, 101, 102, 103, 104, 91, 90, 89, 88, 87, 86, 85, 72, 73, 74, 75, 76, 77, 78, 65, 64, 63, 62, 61, 60, 59, 58, 57, 56, 43, 42, 41, 40, 53, 54, 55, 68, 67, 66, 79, 80, 81, 82, 83, 84, 70, 69, 71, 45, 44, 30, 29, 28, 27, 14, 15, 16, 17, 18, 19, 6, 5, 4, 3, 2, 1, 31, 32, 33, 46, 47, 48, 49, 50, 51, 52, 39, 38, 37, 36, 35, 34, 21, 20, 7, 8, 9, 10, 11, 12, 13, 25, 24, 23, 22, 26, 115, 116, 117, 130, 129, 128, 142, 143, 178, 179, 145, 144]'
rat195,GeneticAlgorithm,2366,727.3152645830005,'[1, 15, 14, 27, 28, 29, 30, 31, 32, 33, 45, 44, 43, 42, 41, 40, 53, 54, 55, 56, 57, 58, 71, 70, 69, 68, 67, 66, 79, 80, 81, 82, 83, 84, 97, 96, 95, 94, 93, 92, 105, 106, 107, 108, 109, 110, 121, 122, 123, 124, 125, 138, 139, 140, 141, 154, 152, 153, 166, 165, 179, 178, 177, 176, 175, 174, 173, 172, 159, 160, 146, 147, 148, 161, 162, 163, 164, 151, 150, 149, 137, 136, 135, 134, 133, 120, 119, 118, 131, 132, 145, 144, 158, 157, 170, 171, 183, 184, 185, 186, 187, 188, 189, 190, 191, 192, 193, 194, 195, 182, 181, 180, 167, 168, 169, 156, 155, 143, 142, 128, 129, 130, 117, 116, 115, 114, 127, 126, 113, 112, 111, 98, 99, 100, 101, 102, 103, 104, 91, 90, 89, 88, 87, 86, 85, 72, 73, 74, 75, 76, 77, 78, 65, 64, 63, 62, 61, 60, 59, 46, 47, 48, 49, 50, 51, 52, 39, 38, 37, 36, 35, 34, 20, 21, 22, 23, 24, 25, 26, 13, 12, 11, 10, 9, 8, 7, 6, 5, 19, 18, 17, 16, 4, 3, 2]'
rat195,SimulatedAnnealing,2556,155.21999420800057,'[185, 161, 162, 163, 164, 165, 166, 153, 152, 151, 150, 149, 148, 135, 136, 137, 138, 139, 123, 124, 125, 126, 127, 140, 141, 154, 155, 168, 167, 180, 179, 178, 177, 176, 175, 174, 173, 172, 186, 187, 188, 189, 190, 191, 192, 193, 194, 195, 182, 181, 169, 156, 143, 142, 128, 129, 130, 117, 116, 115, 114, 113, 112, 100, 101, 102, 103, 104, 91, 90, 76, 75, 74, 73, 72, 71, 70, 69, 55, 54, 53, 40, 41, 42, 29, 30, 31, 32, 33, 47, 46, 45, 44, 43, 56, 57, 58, 59, 60, 61, 62, 49, 48, 37, 36, 35, 34, 22, 21, 20, 19, 18, 17, 16, 28, 27, 14, 15, 1, 2, 3, 4, 5, 6, 7, 8, 9, 10, 23, 24, 11, 12, 13, 26, 25, 38, 39, 52, 51, 50, 63, 64, 65, 78, 77, 89, 88, 86, 87, 99, 111, 110, 109, 107, 94, 95, 96, 98, 97, 85, 84, 83, 82, 81, 68, 67, 66, 79, 80, 93, 92, 105, 106, 108, 121, 122, 120, 119, 118, 131, 144, 145, 132, 133, 134, 147, 146, 160, 159, 158, 157, 170, 171, 183, 184]'
rat195,WangLeiAlgorithm,2380,562.3245215830011,'[60, 62, 63, 64, 65, 78, 77, 76, 75, 74, 73, 72, 85, 86, 87, 88, 89, 90, 91, 104, 103, 117, 116, 115, 102, 101, 100, 99, 98, 111, 112, 113, 114, 127, 126, 125, 124, 137, 138, 150, 151, 152, 139, 140, 141, 142, 128, 129, 130, 143, 156, 155, 154, 153, 166, 165, 178, 179, 180, 167, 168, 169, 181, 182, 195, 194, 193, 192, 191, 190, 189, 188, 187, 186, 185, 184, 183, 170, 171, 172, 159, 173, 174, 175, 176, 177, 164, 163, 162, 161, 160, 146, 158, 157, 144, 145, 132, 131, 118, 119, 120, 133, 134, 147, 148, 149, 136, 135, 123, 122, 121, 110, 109, 108, 107, 106, 105, 92, 93, 94, 95, 96, 97, 84, 83, 82, 81, 80, 79, 66, 67, 68, 69, 70, 71, 58, 57, 59, 45, 44, 43, 42, 56, 55, 54, 53, 40, 41, 27, 28, 29, 30, 31, 32, 20, 19, 18, 17, 16, 15, 14, 1, 2, 3, 4, 5, 6, 7, 8, 9, 10, 11, 12, 13, 24, 23, 25, 26, 38, 39, 52, 51, 50, 37, 36, 35, 22, 21, 34, 33, 46, 47, 48, 49, 61]'
rat195,GreedyNearestNeighbor,2632,0.010988915999405435,'[148, 147, 134, 133, 132, 131, 118, 119, 120, 121, 122, 123, 124, 125, 126, 127, 114, 113, 112, 111, 98, 97, 96, 95, 94, 93, 92, 105, 106, 107, 108, 109, 110, 99, 100, 101, 102, 103, 104, 91, 90, 89, 88, 87, 86, 85, 72, 73, 74, 75, 76, 77, 78, 65, 64, 63, 62, 61, 60, 59, 58, 57, 56, 43, 42, 41, 40, 53, 54, 55, 68, 67, 66, 79, 80, 81, 82, 83, 84, 70, 69, 71, 45, 44, 30, 29, 28, 27, 14, 15, 16, 17, 18, 19, 6, 5, 4, 3, 2, 1, 31, 32, 33, 46, 47, 48, 49, 50, 51, 52, 39, 38, 37, 36, 35, 34, 21, 20, 7, 8, 9, 10, 11, 12, 13, 25, 24, 23, 22, 26, 115, 116, 117, 130, 129, 128, 142, 143, 155, 156, 168, 167, 180, 181, 182, 195, 194, 193, 192, 191, 190, 189, 188, 187, 186, 185, 184, 183, 171, 172, 159, 160, 146, 145, 144, 158, 157, 170, 173, 174, 175, 176, 177, 178, 179, 165, 166, 153, 152, 151, 150, 149, 136, 135, 137, 138, 139, 140, 141, 154, 169, 164, 163, 162, 161]'
rat195,GeneticAlgorithm,2366,610.7227274999987,'[1, 15, 14, 27, 28, 29, 30, 31, 32, 33, 45, 44, 43, 42, 41, 40, 53, 54, 55, 56, 57, 58, 71, 70, 69, 68, 67, 66, 79, 80, 81, 82, 83, 84, 97, 96, 95, 94, 93, 92, 105, 106, 107, 108, 109, 110, 121, 122, 123, 124, 125, 138, 139, 140, 141, 154, 152, 153, 166, 165, 179, 178, 177, 176, 175, 174, 173, 172, 159, 160, 146, 147, 148, 161, 162, 163, 164, 151, 150, 149, 137, 136, 135, 134, 133, 120, 119, 118, 131, 132, 145, 144, 158, 157, 170, 171, 183, 184, 185, 186, 187, 188, 189, 190, 191, 192, 193, 194, 195, 182, 181, 180, 167, 168, 169, 156, 155, 143, 142, 128, 129, 130, 117, 116, 115, 114, 127, 126, 113, 112, 111, 98, 99, 100, 101, 102, 103, 104, 91, 90, 89, 88, 87, 86, 85, 72, 73, 74, 75, 76, 77, 78, 65, 64, 63, 62, 61, 60, 59, 46, 47, 48, 49, 50, 51, 52, 39, 38, 37, 36, 35, 34, 20, 21, 22, 23, 24, 25, 26, 13, 12, 11, 10, 9, 8, 7, 6, 5, 19, 18, 17, 16, 4, 3, 2]'
rat195,SimulatedAnnealing,2555,104.79352170800121,'[135, 146, 160, 161, 162, 175, 176, 177, 178, 179, 167, 180, 181, 182, 195, 194, 193, 192, 191, 190, 189, 188, 187, 186, 185, 184, 183, 170, 171, 172, 173, 174, 159, 158, 157, 144, 145, 132, 131, 118, 105, 106, 107, 108, 109, 110, 111, 112, 98, 97, 99, 87, 86, 85, 84, 83, 96, 95, 94, 92, 93, 81, 82, 70, 69, 68, 80, 79, 66, 67, 55, 54, 53, 40, 41, 42, 43, 56, 57, 44, 45, 46, 47, 49, 48, 33, 31, 30, 29, 28, 27, 14, 15, 16, 17, 18, 1, 2, 3, 4, 5, 6, 19, 32, 20, 7, 8, 9, 10, 11, 12, 13, 26, 39, 38, 25, 24, 23, 22, 21, 34, 35, 36, 37, 50, 51, 52, 65, 64, 63, 62, 61, 60, 59, 58, 71, 72, 73, 74, 75, 76, 88, 89, 77, 78, 90, 91, 104, 103, 116, 117, 130, 129, 128, 115, 102, 101, 100, 113, 114, 127, 126, 125, 124, 123, 122, 121, 119, 120, 133, 134, 147, 148, 149, 150, 151, 163, 164, 165, 166, 168, 169, 156, 155, 143, 142, 140, 141, 154, 153, 152, 139, 138, 137, 136]'
rat195,WangLeiAlgorithm,2373,559.0612706659995,'[110, 109, 108, 121, 122, 123, 124, 125, 126, 140, 139, 138, 137, 136, 135, 134, 133, 120, 119, 118, 131, 132, 145, 144, 157, 158, 160, 146, 147, 148, 149, 150, 151, 152, 153, 166, 165, 164, 163, 162, 161, 175, 174, 173, 159, 172, 171, 170, 183, 184, 185, 186, 187, 188, 189, 190, 176, 177, 178, 179, 192, 191, 193, 194, 195, 182, 181, 180, 167, 168, 169, 156, 155, 154, 141, 142, 143, 130, 129, 128, 127, 114, 113, 112, 99, 100, 101, 102, 115, 116, 117, 103, 104, 91, 90, 89, 88, 87, 86, 73, 74, 75, 76, 77, 78, 65, 64, 63, 62, 49, 50, 51, 52, 39, 38, 37, 36, 35, 22, 23, 24, 25, 26, 13, 12, 11, 10, 9, 8, 7, 6, 5, 4, 3, 2, 1, 14, 15, 27, 28, 29, 16, 17, 18, 19, 20, 21, 34, 33, 32, 31, 30, 43, 42, 41, 40, 53, 54, 55, 56, 57, 44, 45, 46, 47, 48, 61, 60, 59, 58, 71, 72, 85, 84, 83, 82, 70, 69, 68, 67, 66, 79, 80, 81, 93, 92, 105, 106, 107, 94, 95, 96, 97, 98, 111]'
rat195,GreedyNearestNeighbor,2791,0.012883915998827433,'[118, 119, 120, 133, 132, 131, 144, 145, 146, 147, 148, 149, 150, 151, 152, 153, 166, 165, 164, 163, 162, 161, 160, 159, 172, 171, 170, 157, 158, 173, 174, 175, 176, 177, 178, 179, 180, 167, 168, 169, 181, 182, 195, 194, 193, 192, 191, 190, 189, 188, 187, 186, 185, 184, 183, 134, 135, 136, 137, 138, 139, 140, 141, 154, 155, 156, 143, 142, 129, 128, 127, 126, 125, 124, 123, 122, 121, 108, 109, 110, 111, 112, 113, 114, 115, 116, 117, 103, 104, 91, 90, 89, 88, 87, 86, 85, 72, 73, 74, 75, 76, 77, 78, 65, 64, 63, 62, 61, 60, 59, 58, 57, 56, 43, 42, 41, 40, 53, 54, 55, 68, 67, 66, 79, 80, 81, 82, 83, 84, 97, 98, 99, 100, 101, 102, 130, 96, 95, 94, 93, 92, 105, 106, 107, 70, 69, 71, 45, 44, 30, 29, 28, 27, 14, 15, 16, 17, 18, 19, 6, 5, 4, 3, 2, 1, 31, 32, 33, 46, 47, 48, 49, 50, 51, 52, 39, 38, 37, 36, 35, 34, 21, 20, 7, 8, 9, 10, 11, 12, 13, 25, 24, 23, 22, 26]'
rat195,GeneticAlgorithm,2368,636.8879649579994,'[1, 15, 14, 27, 28, 29, 30, 31, 32, 33, 45, 44, 43, 42, 41, 40, 53, 54, 55, 56, 57, 58, 71, 70, 69, 68, 67, 66, 79, 80, 81, 82, 83, 84, 97, 96, 95, 94, 93, 92, 105, 106, 107, 108, 109, 110, 121, 122, 123, 124, 137, 138, 139, 140, 141, 154, 152, 153, 166, 165, 179, 178, 177, 176, 175, 174, 173, 172, 159, 160, 146, 147, 148, 161, 162, 163, 164, 151, 150, 149, 136, 135, 134, 133, 120, 119, 118, 131, 132, 145, 144, 158, 157, 170, 171, 183, 184, 185, 186, 187, 188, 189, 190, 191, 192, 193, 194, 195, 182, 181, 180, 167, 168, 169, 156, 155, 143, 142, 128, 129, 130, 117, 116, 115, 114, 113, 127, 126, 125, 112, 111, 98, 99, 100, 101, 102, 103, 104, 91, 90, 89, 88, 87, 86, 85, 72, 73, 74, 75, 76, 77, 78, 65, 64, 63, 62, 61, 60, 59, 46, 47, 48, 49, 50, 51, 52, 39, 38, 37, 36, 35, 34, 20, 21, 22, 23, 24, 25, 26, 13, 12, 11, 10, 9, 8, 7, 6, 5, 19, 18, 17, 16, 4, 3, 2]'
rat195,SimulatedAnnealing,2495,108.71845570799996,'[77, 74, 73, 72, 71, 70, 69, 68, 67, 66, 79, 80, 82, 81, 93, 92, 105, 106, 108, 121, 120, 119, 118, 131, 132, 145, 144, 157, 158, 159, 173, 172, 171, 170, 183, 184, 185, 186, 187, 188, 174, 175, 176, 189, 190, 191, 192, 193, 194, 195, 182, 181, 180, 167, 168, 169, 156, 155, 154, 152, 153, 166, 165, 179, 178, 177, 164, 163, 162, 161, 160, 146, 133, 134, 147, 148, 149, 150, 151, 138, 137, 136, 135, 122, 123, 124, 125, 126, 139, 140, 141, 142, 143, 130, 129, 128, 127, 114, 113, 112, 111, 98, 110, 109, 107, 94, 95, 96, 97, 83, 84, 85, 86, 87, 99, 100, 101, 102, 115, 116, 117, 103, 104, 91, 90, 89, 88, 76, 75, 62, 61, 60, 59, 58, 57, 56, 55, 54, 53, 40, 41, 42, 43, 29, 30, 31, 32, 33, 44, 45, 46, 47, 48, 35, 34, 21, 20, 19, 18, 17, 16, 15, 28, 27, 14, 1, 2, 3, 4, 5, 6, 7, 8, 9, 10, 11, 12, 13, 26, 25, 24, 23, 22, 36, 37, 38, 39, 52, 51, 50, 49, 63, 64, 65, 78]'
rat195,WangLeiAlgorithm,2381,564.1026802079996,'[166, 153, 152, 151, 150, 137, 138, 139, 140, 141, 154, 155, 156, 143, 142, 128, 129, 130, 117, 116, 115, 114, 113, 127, 126, 125, 124, 112, 111, 98, 99, 100, 101, 102, 103, 104, 91, 90, 77, 78, 65, 64, 63, 62, 75, 76, 89, 88, 87, 86, 85, 72, 73, 74, 60, 61, 49, 50, 51, 52, 39, 26, 38, 37, 36, 35, 48, 47, 46, 33, 34, 21, 22, 23, 24, 25, 13, 12, 11, 10, 9, 8, 7, 20, 19, 6, 5, 4, 3, 2, 1, 14, 15, 16, 17, 18, 32, 31, 30, 29, 28, 27, 41, 40, 53, 54, 55, 56, 42, 43, 44, 45, 59, 57, 58, 71, 70, 69, 68, 67, 66, 79, 80, 81, 82, 83, 84, 97, 96, 95, 94, 93, 92, 105, 106, 107, 108, 109, 110, 123, 122, 121, 120, 119, 118, 131, 132, 133, 134, 135, 136, 149, 148, 147, 146, 145, 144, 158, 157, 170, 183, 184, 185, 171, 172, 159, 160, 161, 162, 163, 164, 177, 176, 175, 174, 173, 186, 187, 188, 189, 190, 191, 192, 193, 194, 195, 182, 181, 169, 168, 167, 180, 179, 178, 165]'
rat195,GreedyNearestNeighbor,2878,0.010556666000411496,'[10, 9, 8, 7, 6, 5, 4, 3, 2, 1, 14, 15, 16, 17, 18, 19, 20, 21, 22, 23, 24, 25, 26, 39, 38, 37, 36, 35, 34, 33, 32, 31, 30, 29, 28, 27, 40, 41, 42, 43, 56, 57, 58, 71, 72, 73, 74, 75, 76, 77, 78, 65, 64, 63, 62, 61, 60, 59, 45, 44, 46, 47, 48, 49, 50, 51, 52, 13, 12, 11, 89, 88, 87, 86, 85, 84, 83, 82, 81, 80, 79, 66, 67, 68, 69, 70, 55, 54, 53, 93, 92, 105, 106, 107, 94, 95, 96, 97, 98, 99, 100, 101, 102, 103, 104, 91, 90, 115, 116, 117, 130, 129, 128, 127, 126, 125, 124, 123, 122, 121, 108, 109, 110, 111, 112, 113, 114, 140, 139, 138, 137, 136, 135, 134, 133, 132, 131, 118, 119, 120, 147, 148, 149, 150, 151, 152, 153, 166, 165, 164, 163, 162, 161, 160, 159, 172, 171, 170, 157, 158, 146, 145, 144, 173, 174, 175, 176, 177, 178, 179, 180, 167, 168, 169, 181, 182, 195, 194, 193, 192, 191, 190, 189, 188, 187, 186, 185, 184, 183, 154, 155, 156, 143, 142, 141]'
rat195,GeneticAlgorithm,2366,679.6290553339986,'[1, 15, 14, 27, 28, 29, 30, 31, 32, 33, 45, 44, 43, 42, 41, 40, 53, 54, 55, 56, 57, 58, 71, 70, 69, 68, 67, 66, 79, 80, 81, 82, 83, 84, 97, 96, 95, 94, 93, 92, 105, 106, 107, 108, 109, 110, 121, 122, 123, 124, 125, 138, 139, 140, 141, 154, 152, 153, 166, 165, 179, 178, 177, 176, 175, 174, 173, 172, 159, 160, 146, 147, 148, 161, 162, 163, 164, 151, 150, 149, 137, 136, 135, 134, 133, 120, 119, 118, 131, 132, 145, 144, 158, 157, 170, 171, 183, 184, 185, 186, 187, 188, 189, 190, 191, 192, 193, 194, 195, 182, 181, 180, 167, 168, 169, 156, 155, 143, 142, 128, 129, 130, 117, 116, 115, 114, 127, 126, 113, 112, 111, 98, 99, 100, 101, 102, 103, 104, 91, 90, 89, 88, 87, 86, 85, 72, 73, 74, 75, 76, 77, 78, 65, 64, 63, 62, 61, 60, 59, 46, 47, 48, 49, 50, 51, 52, 39, 38, 37, 36, 35, 34, 20, 21, 22, 23, 24, 25, 26, 13, 12, 11, 10, 9, 8, 7, 6, 5, 19, 18, 17, 16, 4, 3, 2]'
rat195,SimulatedAnnealing,2638,110.92812620899895,'[84, 54, 53, 40, 41, 42, 43, 45, 44, 30, 31, 32, 20, 19, 18, 17, 16, 29, 28, 27, 14, 15, 1, 2, 3, 4, 5, 6, 7, 8, 9, 10, 11, 12, 13, 24, 23, 22, 21, 34, 33, 46, 47, 48, 35, 36, 37, 38, 25, 26, 39, 51, 52, 65, 64, 50, 49, 63, 62, 61, 60, 59, 71, 58, 57, 56, 55, 69, 70, 68, 67, 66, 79, 80, 81, 93, 92, 105, 118, 119, 120, 133, 132, 131, 145, 144, 157, 158, 146, 147, 148, 134, 135, 136, 149, 163, 164, 177, 176, 162, 161, 160, 159, 175, 174, 173, 172, 171, 170, 183, 184, 185, 186, 187, 188, 189, 190, 191, 192, 193, 194, 195, 182, 181, 180, 179, 178, 167, 168, 169, 156, 155, 141, 140, 139, 152, 154, 153, 166, 165, 151, 150, 137, 138, 126, 125, 124, 123, 122, 121, 110, 111, 96, 109, 108, 106, 107, 94, 95, 82, 83, 97, 98, 99, 87, 86, 88, 89, 102, 101, 100, 112, 113, 114, 127, 128, 129, 142, 143, 130, 117, 116, 115, 103, 104, 91, 90, 78, 77, 76, 75, 74, 73, 72, 85]'
rat195,WangLeiAlgorithm,2376,515.3500576669994,'[52, 39, 38, 37, 36, 35, 34, 21, 22, 23, 24, 25, 26, 13, 12, 11, 10, 9, 8, 7, 20, 19, 6, 5, 4, 3, 2, 1, 14, 27, 28, 15, 16, 17, 18, 29, 30, 31, 32, 33, 45, 44, 43, 42, 41, 40, 53, 54, 55, 56, 57, 58, 71, 70, 69, 68, 67, 66, 79, 80, 81, 82, 83, 84, 97, 96, 110, 109, 108, 107, 95, 94, 93, 92, 105, 106, 118, 119, 120, 121, 122, 123, 124, 125, 126, 140, 139, 138, 137, 136, 135, 149, 148, 147, 134, 133, 132, 131, 144, 145, 146, 158, 157, 170, 183, 184, 185, 171, 172, 159, 160, 161, 162, 163, 164, 150, 151, 152, 153, 166, 165, 179, 178, 177, 176, 175, 174, 173, 186, 187, 188, 189, 190, 191, 192, 193, 194, 195, 182, 181, 180, 167, 168, 169, 156, 155, 154, 141, 142, 143, 130, 129, 128, 127, 114, 113, 112, 111, 98, 99, 100, 101, 102, 115, 116, 117, 103, 104, 91, 90, 89, 88, 87, 86, 85, 72, 73, 74, 75, 76, 77, 78, 65, 64, 63, 62, 61, 60, 59, 46, 47, 48, 49, 50, 51]'
rat195,GreedyNearestNeighbor,2714,0.01008420899961493,'[20, 21, 22, 23, 24, 25, 26, 39, 38, 37, 36, 35, 34, 33, 32, 31, 30, 29, 28, 27, 14, 15, 16, 17, 18, 19, 6, 5, 4, 3, 2, 1, 7, 8, 9, 10, 11, 12, 13, 51, 52, 50, 49, 48, 47, 46, 45, 44, 43, 42, 41, 40, 53, 54, 55, 56, 57, 58, 71, 72, 73, 74, 75, 76, 77, 78, 65, 64, 63, 62, 61, 60, 59, 70, 69, 68, 67, 66, 79, 80, 81, 82, 83, 84, 85, 86, 87, 88, 89, 90, 91, 104, 103, 102, 101, 100, 99, 98, 97, 96, 95, 94, 93, 92, 105, 106, 107, 108, 109, 110, 111, 112, 113, 114, 127, 126, 125, 124, 123, 122, 121, 120, 119, 118, 131, 132, 133, 134, 147, 148, 149, 150, 151, 152, 153, 166, 165, 164, 163, 162, 161, 160, 159, 172, 171, 170, 157, 158, 146, 145, 144, 135, 136, 137, 138, 139, 140, 141, 154, 155, 156, 143, 142, 129, 128, 130, 117, 116, 115, 168, 167, 180, 181, 182, 195, 194, 193, 192, 191, 190, 189, 188, 187, 186, 185, 184, 183, 173, 174, 175, 176, 177, 178, 179, 169]'
rat195,GeneticAlgorithm,2366,811.9598579159992,'[1, 15, 14, 27, 28, 29, 30, 31, 32, 33, 45, 44, 43, 42, 41, 40, 53, 54, 55, 56, 57, 58, 71, 70, 69, 68, 67, 66, 79, 80, 81, 82, 83, 84, 97, 96, 95, 94, 93, 92, 105, 106, 107, 108, 109, 110, 121, 122, 123, 124, 125, 138, 139, 140, 141, 154, 152, 153, 166, 165, 179, 178, 177, 176, 175, 174, 173, 172, 159, 160, 146, 147, 148, 161, 162, 163, 164, 151, 150, 149, 137, 136, 135, 134, 133, 120, 119, 118, 131, 132, 145, 144, 158, 157, 170, 171, 183, 184, 185, 186, 187, 188, 189, 190, 191, 192, 193, 194, 195, 182, 181, 180, 167, 168, 169, 156, 155, 143, 142, 128, 129, 130, 117, 116, 115, 114, 127, 126, 113, 112, 111, 98, 99, 100, 101, 102, 103, 104, 91, 90, 89, 88, 87, 86, 85, 72, 73, 74, 75, 76, 77, 78, 65, 64, 63, 62, 61, 60, 59, 46, 47, 48, 49, 50, 51, 52, 39, 38, 37, 36, 35, 34, 20, 21, 22, 23, 24, 25, 26, 13, 12, 11, 10, 9, 8, 7, 6, 5, 19, 18, 17, 16, 4, 3, 2]'
rat195,SimulatedAnnealing,2633,107.21641641600036,'[104, 114, 113, 112, 111, 98, 109, 110, 124, 123, 122, 135, 136, 137, 149, 150, 151, 138, 139, 152, 165, 166, 153, 154, 155, 141, 140, 125, 126, 127, 128, 129, 130, 142, 143, 156, 169, 168, 167, 180, 181, 182, 195, 194, 193, 191, 192, 179, 178, 177, 176, 164, 163, 162, 175, 190, 189, 188, 187, 186, 174, 173, 172, 171, 185, 184, 183, 170, 157, 158, 145, 144, 131, 132, 146, 159, 160, 161, 148, 147, 134, 133, 120, 118, 119, 121, 108, 107, 106, 105, 92, 93, 94, 95, 96, 97, 84, 83, 82, 81, 80, 79, 66, 67, 68, 55, 54, 53, 40, 41, 27, 28, 29, 30, 31, 42, 43, 56, 69, 70, 71, 58, 57, 44, 45, 59, 60, 61, 62, 63, 49, 48, 47, 46, 33, 32, 18, 17, 16, 15, 14, 1, 2, 3, 4, 5, 6, 8, 7, 19, 20, 21, 34, 35, 22, 23, 9, 10, 11, 12, 13, 24, 25, 26, 39, 38, 36, 37, 50, 51, 52, 65, 64, 78, 77, 90, 91, 103, 102, 88, 89, 76, 75, 74, 73, 72, 85, 86, 87, 99, 100, 101, 115, 116, 117]'
rat195,WangLeiAlgorithm,2402,579.5746390420009,'[4, 5, 6, 19, 20, 7, 8, 9, 10, 11, 12, 13, 26, 25, 24, 23, 22, 21, 34, 33, 46, 47, 48, 35, 36, 37, 38, 39, 52, 51, 50, 49, 61, 60, 59, 58, 71, 72, 85, 87, 86, 73, 74, 62, 63, 64, 65, 78, 77, 76, 75, 88, 89, 90, 91, 104, 103, 102, 115, 116, 117, 130, 143, 142, 129, 128, 127, 126, 125, 124, 123, 122, 135, 136, 137, 138, 139, 140, 141, 154, 155, 156, 169, 168, 167, 178, 179, 180, 181, 182, 195, 194, 193, 192, 191, 190, 189, 188, 187, 186, 185, 184, 183, 170, 171, 172, 173, 174, 175, 176, 177, 162, 163, 164, 165, 166, 153, 152, 151, 150, 149, 148, 161, 160, 159, 158, 157, 144, 145, 146, 147, 134, 133, 132, 131, 118, 119, 120, 121, 108, 109, 110, 111, 112, 113, 114, 101, 100, 99, 98, 97, 96, 95, 94, 107, 106, 105, 92, 93, 81, 80, 79, 66, 67, 68, 82, 83, 84, 70, 69, 55, 54, 53, 40, 41, 42, 43, 56, 57, 45, 44, 30, 31, 32, 18, 17, 16, 29, 28, 27, 14, 15, 1, 2, 3]'
rat195,GreedyNearestNeighbor,2745,0.0148584580001625,'[124, 125, 126, 127, 114, 113, 112, 111, 98, 97, 96, 95, 94, 93, 92, 105, 106, 107, 108, 109, 110, 122, 121, 120, 119, 118, 131, 132, 133, 134, 147, 148, 149, 150, 151, 152, 153, 166, 165, 164, 163, 162, 161, 160, 159, 172, 171, 170, 157, 158, 146, 145, 144, 135, 136, 137, 138, 139, 140, 141, 154, 155, 156, 143, 142, 129, 128, 130, 117, 116, 115, 102, 101, 100, 99, 87, 86, 85, 72, 73, 74, 75, 76, 77, 78, 65, 64, 63, 62, 61, 60, 59, 58, 57, 56, 43, 42, 41, 40, 53, 54, 55, 68, 67, 66, 79, 80, 81, 82, 83, 84, 70, 69, 71, 45, 44, 30, 29, 28, 27, 14, 15, 16, 17, 18, 19, 6, 5, 4, 3, 2, 1, 31, 32, 33, 46, 47, 48, 49, 50, 51, 52, 39, 38, 37, 36, 35, 34, 21, 20, 7, 8, 9, 10, 11, 12, 13, 25, 24, 23, 22, 26, 89, 88, 90, 91, 104, 103, 123, 175, 174, 173, 186, 185, 184, 183, 187, 188, 189, 190, 191, 192, 193, 194, 195, 182, 181, 180, 167, 168, 169, 179, 178, 177, 176]'
rat195,GeneticAlgorithm,2356,749.0101579999991,'[1, 2, 3, 4, 16, 17, 18, 19, 5, 6, 7, 8, 9, 10, 11, 12, 13, 26, 25, 24, 23, 22, 21, 20, 34, 35, 36, 37, 38, 39, 52, 51, 50, 49, 48, 47, 46, 59, 60, 61, 62, 63, 64, 65, 78, 77, 76, 75, 74, 73, 72, 85, 86, 87, 88, 89, 90, 91, 104, 103, 117, 116, 115, 102, 101, 100, 99, 98, 111, 112, 113, 114, 127, 128, 129, 130, 143, 142, 141, 154, 155, 156, 169, 168, 167, 180, 181, 182, 195, 194, 193, 192, 191, 190, 189, 188, 187, 186, 185, 184, 183, 171, 170, 157, 158, 144, 145, 132, 131, 118, 119, 120, 133, 134, 135, 136, 137, 149, 150, 151, 164, 163, 162, 161, 148, 147, 146, 160, 159, 172, 173, 174, 175, 176, 177, 178, 179, 165, 166, 153, 152, 138, 139, 140, 126, 125, 124, 123, 122, 121, 110, 109, 108, 107, 106, 105, 92, 93, 94, 95, 96, 97, 84, 83, 82, 81, 80, 79, 66, 67, 68, 69, 70, 71, 58, 57, 56, 55, 54, 53, 40, 41, 42, 43, 44, 45, 33, 32, 31, 30, 29, 28, 27, 14, 15]'
rat195,SimulatedAnnealing,2530,102.59320812499936,'[176, 162, 163, 164, 165, 166, 167, 180, 168, 169, 181, 182, 195, 194, 193, 191, 192, 179, 178, 177, 190, 189, 188, 187, 174, 173, 172, 186, 185, 184, 183, 171, 170, 157, 158, 159, 160, 146, 145, 144, 131, 118, 119, 106, 105, 92, 93, 94, 81, 80, 79, 66, 67, 68, 69, 70, 82, 83, 97, 84, 85, 73, 72, 71, 58, 59, 57, 56, 43, 42, 41, 55, 54, 53, 40, 27, 14, 1, 2, 3, 4, 5, 6, 7, 8, 9, 10, 11, 12, 13, 24, 23, 25, 26, 39, 38, 37, 36, 35, 22, 21, 34, 33, 31, 32, 20, 19, 18, 17, 16, 15, 28, 29, 30, 44, 45, 46, 47, 48, 49, 50, 51, 52, 65, 64, 63, 62, 61, 60, 74, 75, 76, 77, 78, 91, 104, 103, 90, 89, 88, 86, 87, 99, 98, 111, 112, 100, 101, 102, 115, 116, 117, 130, 129, 128, 127, 114, 113, 126, 125, 124, 110, 109, 96, 95, 107, 108, 121, 122, 123, 137, 138, 139, 140, 141, 142, 143, 156, 155, 154, 153, 152, 151, 150, 149, 136, 135, 120, 132, 133, 134, 147, 148, 161, 175]'
rat195,WangLeiAlgorithm,2378,464.1717103339997,'[14, 15, 1, 2, 3, 4, 16, 17, 18, 31, 32, 33, 34, 21, 20, 19, 5, 6, 7, 8, 9, 10, 11, 12, 13, 26, 25, 24, 23, 22, 35, 36, 37, 38, 39, 52, 51, 50, 49, 48, 47, 46, 45, 59, 60, 61, 74, 73, 72, 85, 86, 87, 88, 89, 76, 75, 62, 63, 64, 65, 78, 77, 90, 91, 104, 103, 117, 116, 115, 102, 101, 100, 99, 98, 111, 112, 113, 114, 127, 126, 125, 124, 123, 137, 138, 139, 140, 141, 142, 128, 129, 130, 143, 156, 155, 154, 153, 152, 165, 166, 168, 169, 167, 180, 181, 182, 195, 194, 193, 191, 192, 179, 178, 177, 176, 190, 189, 188, 187, 186, 185, 184, 183, 171, 170, 157, 158, 144, 145, 146, 160, 159, 172, 173, 174, 175, 161, 162, 163, 164, 151, 150, 149, 148, 147, 136, 135, 134, 133, 132, 131, 118, 119, 120, 121, 122, 110, 109, 108, 107, 106, 105, 92, 93, 94, 95, 96, 97, 84, 83, 82, 81, 80, 79, 66, 67, 68, 69, 70, 71, 58, 57, 56, 55, 54, 53, 40, 41, 42, 43, 44, 30, 29, 28, 27]'
rat195,GreedyNearestNeighbor,2844,0.010285041000315687,'[42, 43, 56, 57, 58, 71, 72, 73, 74, 75, 76, 77, 78, 65, 64, 63, 62, 61, 60, 59, 45, 44, 30, 29, 28, 27, 14, 15, 16, 17, 18, 19, 6, 5, 4, 3, 2, 1, 31, 32, 33, 46, 47, 48, 49, 50, 51, 52, 39, 38, 37, 36, 35, 34, 21, 20, 7, 8, 9, 10, 11, 12, 13, 25, 24, 23, 22, 26, 89, 88, 87, 86, 85, 84, 83, 82, 81, 80, 79, 66, 67, 68, 69, 70, 55, 54, 53, 40, 41, 93, 92, 105, 106, 107, 94, 95, 96, 97, 98, 99, 100, 101, 102, 103, 104, 91, 90, 115, 116, 117, 130, 129, 128, 127, 126, 125, 124, 123, 122, 121, 108, 109, 110, 111, 112, 113, 114, 140, 139, 138, 137, 136, 135, 134, 133, 132, 131, 118, 119, 120, 147, 148, 149, 150, 151, 152, 153, 166, 165, 164, 163, 162, 161, 160, 159, 172, 171, 170, 157, 158, 146, 145, 144, 173, 174, 175, 176, 177, 178, 179, 180, 167, 168, 169, 181, 182, 195, 194, 193, 192, 191, 190, 189, 188, 187, 186, 185, 184, 183, 154, 155, 156, 143, 142, 141]'
rat195,GeneticAlgorithm,2356,637.7556184170007,'[1, 2, 3, 4, 16, 17, 18, 19, 5, 6, 7, 8, 9, 10, 11, 12, 13, 26, 25, 24, 23, 22, 21, 20, 34, 35, 36, 37, 38, 39, 52, 51, 50, 49, 48, 47, 46, 59, 60, 61, 62, 63, 64, 65, 78, 77, 76, 75, 74, 73, 72, 85, 86, 87, 88, 89, 90, 91, 104, 103, 117, 116, 115, 102, 101, 100, 99, 98, 111, 112, 113, 114, 127, 128, 129, 130, 143, 142, 141, 154, 155, 156, 169, 168, 167, 180, 181, 182, 195, 194, 193, 192, 191, 190, 189, 188, 187, 186, 185, 184, 183, 171, 170, 157, 158, 144, 145, 132, 131, 118, 119, 120, 133, 134, 135, 136, 137, 149, 150, 151, 164, 163, 162, 161, 148, 147, 146, 160, 159, 172, 173, 174, 175, 176, 177, 178, 179, 165, 166, 153, 152, 138, 139, 140, 126, 125, 124, 123, 122, 121, 110, 109, 108, 107, 106, 105, 92, 93, 94, 95, 96, 97, 84, 83, 82, 81, 80, 79, 66, 67, 68, 69, 70, 71, 58, 57, 56, 55, 54, 53, 40, 41, 42, 43, 44, 45, 33, 32, 31, 30, 29, 28, 27, 14, 15]'
rat195,SimulatedAnnealing,2612,101.11165141600031,'[70, 97, 98, 99, 112, 111, 110, 109, 107, 108, 96, 95, 94, 93, 92, 105, 106, 118, 119, 120, 121, 122, 123, 135, 136, 137, 138, 150, 151, 164, 163, 149, 148, 146, 147, 134, 133, 132, 131, 145, 144, 158, 157, 170, 159, 160, 161, 162, 177, 176, 175, 174, 173, 172, 171, 183, 184, 185, 186, 187, 188, 189, 190, 191, 192, 193, 194, 195, 182, 181, 180, 167, 179, 178, 165, 166, 153, 152, 154, 155, 168, 169, 156, 143, 130, 129, 142, 141, 140, 139, 124, 125, 126, 127, 128, 116, 117, 104, 103, 102, 115, 114, 113, 101, 100, 87, 86, 88, 89, 90, 91, 78, 77, 76, 75, 74, 60, 61, 48, 35, 34, 21, 22, 23, 24, 25, 38, 36, 37, 50, 49, 62, 63, 64, 65, 52, 51, 39, 26, 13, 12, 11, 10, 9, 8, 7, 20, 19, 6, 5, 18, 17, 16, 29, 28, 15, 4, 3, 2, 1, 14, 27, 40, 53, 54, 55, 41, 42, 30, 31, 32, 33, 47, 46, 45, 44, 43, 56, 57, 59, 58, 71, 72, 73, 85, 84, 83, 82, 81, 80, 79, 66, 67, 68, 69]'
rat195,WangLeiAlgorithm,2363,512.9594909589996,'[108, 107, 106, 105, 92, 93, 94, 95, 96, 97, 84, 83, 82, 81, 80, 79, 66, 67, 68, 69, 70, 71, 58, 57, 56, 55, 54, 53, 40, 41, 42, 43, 44, 45, 33, 32, 31, 30, 18, 17, 16, 29, 28, 27, 14, 15, 1, 2, 3, 4, 5, 6, 19, 20, 21, 7, 8, 9, 10, 11, 12, 13, 26, 25, 24, 23, 22, 34, 35, 36, 37, 38, 39, 52, 51, 50, 49, 48, 47, 46, 59, 60, 61, 62, 63, 64, 65, 78, 77, 76, 75, 74, 73, 72, 85, 86, 87, 88, 89, 90, 91, 104, 103, 117, 116, 115, 102, 101, 100, 99, 98, 111, 112, 113, 114, 127, 126, 125, 124, 137, 138, 139, 140, 128, 129, 130, 143, 142, 141, 154, 155, 156, 169, 168, 167, 180, 181, 182, 195, 194, 193, 191, 192, 179, 178, 165, 166, 153, 152, 151, 150, 164, 163, 162, 161, 173, 174, 175, 176, 177, 190, 189, 188, 187, 186, 185, 184, 183, 171, 172, 170, 157, 158, 159, 160, 146, 145, 144, 132, 131, 118, 119, 120, 133, 134, 147, 148, 149, 136, 135, 123, 122, 121, 110, 109]'
rat195,GreedyNearestNeighbor,2825,0.01051466599892592,'[97, 98, 99, 100, 101, 102, 103, 104, 91, 90, 89, 88, 87, 86, 85, 72, 73, 74, 75, 76, 77, 78, 65, 64, 63, 62, 61, 60, 59, 58, 57, 56, 43, 42, 41, 40, 53, 54, 55, 68, 67, 66, 79, 80, 81, 82, 83, 84, 70, 69, 71, 45, 44, 30, 29, 28, 27, 14, 15, 16, 17, 18, 19, 6, 5, 4, 3, 2, 1, 31, 32, 33, 46, 47, 48, 49, 50, 51, 52, 39, 38, 37, 36, 35, 34, 21, 20, 7, 8, 9, 10, 11, 12, 13, 25, 24, 23, 22, 26, 115, 116, 117, 130, 129, 128, 127, 126, 125, 124, 123, 122, 121, 108, 109, 110, 111, 112, 113, 114, 140, 139, 138, 137, 136, 135, 134, 133, 132, 131, 118, 119, 120, 106, 107, 94, 93, 92, 105, 95, 96, 147, 148, 149, 150, 151, 152, 153, 166, 165, 164, 163, 162, 161, 160, 159, 172, 171, 170, 157, 158, 146, 145, 144, 173, 174, 175, 176, 177, 178, 179, 180, 167, 168, 169, 181, 182, 195, 194, 193, 192, 191, 190, 189, 188, 187, 186, 185, 184, 183, 154, 155, 156, 143, 142, 141]'
rat195,GeneticAlgorithm,2352,626.3119517079977,'[1, 2, 3, 4, 5, 6, 19, 20, 7, 8, 9, 10, 11, 12, 13, 26, 25, 24, 23, 22, 21, 34, 35, 36, 37, 38, 39, 52, 51, 50, 49, 48, 47, 46, 59, 60, 61, 62, 63, 64, 65, 78, 77, 76, 75, 74, 73, 72, 85, 86, 87, 88, 89, 90, 91, 104, 103, 117, 116, 115, 102, 101, 100, 99, 98, 111, 112, 113, 114, 127, 128, 129, 130, 143, 142, 141, 154, 155, 156, 169, 168, 167, 180, 181, 182, 195, 194, 193, 192, 191, 190, 189, 188, 187, 186, 185, 184, 183, 171, 170, 157, 158, 144, 145, 132, 131, 118, 119, 120, 133, 134, 135, 136, 137, 149, 150, 151, 164, 163, 162, 161, 148, 147, 146, 160, 159, 172, 173, 174, 175, 176, 177, 178, 179, 165, 166, 153, 152, 138, 139, 140, 126, 125, 124, 123, 122, 121, 110, 109, 108, 107, 106, 105, 92, 93, 94, 95, 96, 97, 84, 83, 82, 81, 80, 79, 66, 67, 68, 69, 70, 71, 58, 57, 56, 55, 54, 53, 40, 41, 42, 43, 44, 45, 33, 32, 31, 30, 29, 18, 17, 16, 15, 28, 27, 14]'