gil262,ChristofidesSerdyukov,2698,0.40589069994166493,'[1, 71, 231, 139, 202, 68, 142, 232, 70, 155, 108, 244, 115, 145, 209, 99, 76, 154, 87, 188, 258, 95, 34, 182, 28, 156, 260, 239, 35, 184, 192, 144, 218, 119, 94, 151, 247, 86, 149, 88, 50, 77, 91, 93, 161, 179, 128, 48, 196, 23, 174, 143, 14, 98, 117, 240, 107, 212, 45, 187, 46, 216, 63, 200, 180, 152, 246, 208, 251, 199, 44, 22, 120, 236, 111, 252, 255, 92, 178, 210, 41, 110, 159, 134, 158, 60, 109, 20, 227, 29, 97, 132, 105, 85, 222, 165, 37, 6, 243, 169, 181, 171, 162, 59, 75, 219, 102, 233, 176, 136, 226, 32, 51, 67, 78, 201, 245, 147, 127, 40, 24, 17, 55, 47, 259, 175, 168, 66, 103, 113, 80, 194, 197, 42, 10, 238, 131, 214, 203, 57, 11, 241, 82, 224, 163, 250, 125, 64, 69, 177, 237, 62, 249, 157, 235, 225, 223, 43, 122, 38, 256, 56, 242, 39, 15, 52, 16, 84, 135, 146, 118, 123, 3, 8, 190, 112, 166, 207, 73, 198, 204, 54, 261, 173, 27, 195, 2, 170, 148, 26, 114, 253, 101, 193, 13, 167, 89, 248, 189, 106, 121, 153, 9, 230, 58, 183, 150, 36, 220, 83, 217, 206, 65, 53, 228, 124, 49, 257, 137, 18, 30, 96, 213, 116, 126, 215, 104, 74, 141, 25, 7, 160, 164, 140, 172, 186, 21, 81, 4, 100, 138, 254, 234, 33, 72, 185, 19, 79, 262, 191, 5, 133, 12, 130, 129, 221, 61, 90, 211, 205, 31, 229]'
gil262,2-OPT,2464,7.3568717000307515,'[1, 139, 202, 231, 68, 142, 232, 70, 99, 209, 145, 115, 244, 108, 155, 76, 154, 87, 188, 258, 95, 34, 182, 28, 156, 260, 35, 239, 144, 192, 184, 218, 119, 94, 151, 86, 149, 247, 88, 50, 77, 91, 93, 187, 45, 212, 107, 240, 117, 98, 14, 143, 174, 196, 23, 48, 128, 179, 161, 46, 216, 63, 200, 180, 152, 246, 208, 251, 199, 44, 22, 120, 236, 111, 252, 255, 92, 178, 210, 41, 110, 60, 158, 109, 20, 227, 29, 97, 132, 105, 85, 222, 165, 37, 6, 243, 169, 181, 171, 59, 162, 75, 219, 233, 176, 136, 226, 32, 78, 201, 67, 51, 134, 159, 147, 245, 127, 40, 24, 17, 259, 175, 55, 47, 168, 66, 103, 113, 80, 194, 197, 42, 10, 238, 131, 214, 203, 57, 11, 241, 235, 64, 125, 250, 163, 224, 69, 177, 237, 62, 249, 157, 82, 225, 223, 43, 122, 242, 256, 56, 38, 39, 102, 15, 52, 16, 84, 146, 135, 123, 118, 3, 8, 190, 112, 96, 73, 198, 204, 54, 173, 261, 27, 195, 2, 170, 26, 148, 114, 253, 193, 101, 13, 167, 89, 248, 121, 106, 189, 153, 9, 230, 58, 183, 150, 220, 36, 217, 83, 206, 65, 228, 53, 124, 257, 137, 18, 30, 207, 166, 213, 215, 116, 126, 104, 74, 141, 25, 7, 160, 164, 140, 172, 186, 81, 4, 100, 21, 138, 254, 234, 33, 72, 185, 19, 79, 262, 191, 5, 133, 12, 49, 130, 129, 221, 61, 90, 211, 205, 31, 71, 229]'
gil262,SimulatedAnnealing,2541,71.1047063000733,'[168, 66, 80, 42, 197, 194, 113, 103, 55, 17, 24, 40, 127, 159, 134, 147, 245, 201, 78, 32, 67, 51, 97, 132, 29, 227, 20, 109, 158, 60, 110, 41, 210, 178, 92, 117, 240, 98, 14, 107, 212, 45, 187, 93, 91, 77, 50, 88, 247, 149, 86, 151, 94, 119, 218, 184, 192, 144, 239, 260, 35, 182, 34, 95, 28, 156, 152, 160, 7, 164, 140, 172, 186, 100, 21, 138, 209, 145, 115, 81, 4, 258, 188, 87, 154, 76, 155, 108, 244, 99, 70, 232, 202, 139, 1, 229, 31, 205, 71, 231, 68, 142, 234, 254, 33, 72, 185, 19, 262, 79, 211, 90, 61, 221, 129, 130, 49, 12, 133, 5, 191, 207, 166, 96, 73, 198, 204, 54, 30, 18, 137, 257, 124, 53, 228, 65, 206, 83, 36, 220, 150, 189, 106, 121, 248, 89, 167, 13, 57, 203, 193, 101, 253, 114, 148, 26, 9, 153, 230, 170, 2, 58, 183, 217, 173, 261, 27, 195, 125, 64, 250, 163, 224, 82, 157, 249, 62, 237, 69, 177, 146, 135, 84, 16, 3, 118, 123, 190, 8, 112, 213, 215, 116, 126, 104, 74, 141, 25, 246, 208, 251, 199, 44, 22, 200, 63, 180, 216, 46, 161, 179, 128, 120, 23, 236, 111, 196, 48, 174, 143, 255, 252, 105, 85, 222, 165, 37, 6, 243, 52, 169, 181, 171, 59, 162, 75, 219, 15, 102, 39, 122, 43, 223, 225, 241, 235, 11, 214, 131, 238, 10, 256, 56, 242, 38, 233, 176, 136, 226, 259, 175, 47]'
gil262,WangLeiAlgorithm,2398,508.09285810007714,'[173, 27, 261, 54, 204, 198, 73, 207, 166, 96, 112, 213, 8, 190, 123, 118, 3, 116, 126, 215, 104, 74, 141, 25, 246, 7, 160, 164, 140, 172, 186, 81, 4, 115, 145, 100, 21, 138, 209, 254, 234, 33, 72, 185, 19, 79, 262, 191, 5, 133, 12, 49, 211, 90, 61, 130, 129, 221, 205, 31, 71, 229, 1, 139, 202, 231, 68, 142, 232, 70, 99, 244, 108, 155, 76, 154, 87, 258, 188, 34, 95, 182, 28, 156, 260, 35, 239, 144, 192, 184, 218, 119, 94, 151, 86, 149, 247, 88, 50, 91, 77, 212, 45, 187, 93, 46, 161, 179, 200, 63, 216, 180, 152, 208, 251, 199, 44, 22, 120, 23, 236, 111, 252, 255, 196, 48, 128, 174, 143, 14, 107, 98, 240, 117, 92, 178, 210, 41, 110, 60, 158, 109, 20, 227, 29, 97, 132, 105, 85, 222, 37, 165, 6, 243, 16, 135, 146, 84, 52, 169, 181, 171, 59, 162, 75, 219, 15, 102, 39, 233, 176, 136, 226, 32, 78, 201, 67, 51, 134, 159, 147, 245, 127, 40, 24, 17, 259, 175, 55, 47, 168, 66, 103, 113, 80, 194, 197, 42, 10, 238, 131, 203, 57, 214, 256, 56, 242, 38, 122, 223, 43, 225, 241, 11, 235, 82, 157, 249, 62, 237, 177, 69, 250, 163, 224, 64, 125, 195, 2, 170, 253, 193, 101, 114, 148, 26, 230, 9, 153, 13, 167, 89, 248, 121, 106, 189, 150, 58, 183, 220, 36, 217, 83, 206, 65, 228, 53, 124, 257, 18, 30, 137]'
gil262,GreedyNearestNeighbor,2931,0.0084745999192819,'[219, 15, 102, 39, 38, 242, 56, 256, 10, 238, 131, 214, 57, 203, 11, 241, 235, 82, 157, 249, 62, 237, 177, 69, 163, 224, 64, 125, 195, 2, 170, 148, 26, 9, 153, 230, 58, 183, 150, 36, 220, 83, 206, 65, 228, 53, 124, 257, 137, 18, 30, 54, 204, 198, 73, 96, 112, 213, 215, 126, 116, 104, 74, 141, 25, 246, 208, 251, 199, 44, 22, 120, 23, 236, 111, 196, 48, 174, 143, 14, 98, 240, 117, 107, 45, 187, 93, 46, 216, 63, 180, 152, 200, 179, 161, 128, 252, 255, 92, 178, 210, 41, 110, 60, 20, 109, 227, 29, 97, 132, 105, 85, 222, 165, 6, 243, 16, 84, 135, 146, 122, 223, 43, 225, 193, 101, 253, 114, 13, 167, 89, 248, 121, 189, 106, 217, 27, 261, 173, 207, 166, 185, 19, 72, 79, 262, 191, 5, 133, 12, 49, 130, 129, 221, 61, 90, 211, 205, 31, 71, 229, 1, 139, 202, 231, 68, 142, 232, 70, 99, 108, 244, 115, 145, 100, 21, 138, 209, 254, 234, 33, 186, 81, 4, 258, 188, 95, 34, 182, 28, 156, 260, 239, 35, 119, 218, 184, 192, 144, 91, 77, 50, 88, 151, 94, 86, 149, 247, 212, 37, 169, 181, 171, 162, 75, 59, 52, 233, 176, 136, 226, 32, 78, 201, 67, 51, 134, 158, 159, 147, 245, 24, 40, 127, 17, 55, 47, 168, 66, 113, 103, 194, 80, 197, 42, 175, 259, 118, 123, 3, 8, 190, 250, 172, 140, 164, 7, 160, 87, 154, 76, 155]'
gil262,GeneticAlgorithm,2414,420.57029499998316,'[1, 139, 202, 231, 68, 142, 232, 70, 99, 244, 108, 155, 76, 154, 87, 188, 258, 95, 34, 182, 28, 156, 260, 35, 239, 144, 192, 184, 218, 119, 94, 151, 86, 149, 247, 88, 50, 91, 77, 212, 107, 240, 117, 98, 14, 143, 174, 196, 48, 128, 179, 161, 45, 187, 93, 46, 216, 63, 200, 180, 152, 208, 251, 199, 44, 22, 120, 23, 236, 111, 252, 255, 92, 178, 210, 41, 110, 60, 158, 109, 20, 227, 29, 97, 132, 105, 85, 222, 165, 37, 6, 169, 181, 171, 59, 162, 75, 219, 233, 176, 136, 226, 32, 78, 201, 67, 51, 134, 159, 147, 245, 127, 40, 24, 17, 259, 175, 55, 47, 168, 66, 103, 113, 80, 194, 197, 42, 10, 238, 131, 214, 203, 57, 11, 241, 235, 82, 224, 163, 64, 125, 250, 69, 177, 237, 62, 249, 157, 43, 122, 223, 225, 256, 56, 242, 38, 39, 102, 15, 52, 243, 16, 84, 146, 135, 123, 118, 3, 8, 190, 112, 96, 73, 198, 204, 54, 173, 261, 27, 195, 2, 170, 148, 114, 253, 193, 101, 13, 167, 89, 248, 121, 106, 189, 153, 9, 26, 230, 58, 183, 150, 220, 36, 217, 83, 206, 65, 228, 53, 124, 257, 137, 18, 30, 207, 166, 213, 215, 116, 126, 104, 74, 141, 25, 246, 7, 160, 164, 140, 172, 186, 81, 4, 115, 145, 100, 21, 138, 209, 254, 234, 33, 72, 185, 19, 79, 262, 191, 5, 133, 12, 49, 130, 61, 90, 211, 129, 221, 205, 31, 71, 229]'
gil262,SimulatedAnnealing,2648,69.34321500000078,'[55, 131, 214, 57, 203, 193, 101, 253, 114, 148, 26, 170, 2, 195, 173, 137, 228, 53, 124, 257, 191, 5, 133, 12, 49, 211, 90, 61, 130, 129, 221, 205, 31, 71, 229, 1, 139, 202, 231, 155, 70, 99, 232, 142, 68, 234, 254, 209, 138, 21, 33, 79, 262, 19, 185, 72, 172, 186, 81, 4, 100, 145, 115, 244, 108, 76, 154, 87, 188, 258, 95, 34, 182, 28, 160, 246, 7, 164, 140, 74, 104, 215, 116, 126, 141, 25, 208, 251, 199, 44, 120, 22, 200, 179, 161, 45, 187, 93, 46, 216, 63, 180, 152, 156, 260, 35, 239, 144, 192, 184, 218, 119, 149, 86, 94, 151, 247, 88, 50, 91, 77, 212, 107, 14, 143, 128, 174, 196, 48, 23, 236, 111, 252, 255, 98, 240, 117, 178, 92, 105, 85, 222, 37, 165, 6, 243, 16, 84, 39, 38, 242, 225, 241, 11, 235, 82, 157, 224, 163, 64, 125, 250, 69, 177, 237, 62, 249, 43, 223, 122, 146, 135, 3, 118, 123, 190, 8, 213, 112, 96, 73, 204, 198, 166, 207, 30, 18, 54, 261, 27, 217, 83, 206, 65, 220, 36, 150, 183, 58, 230, 9, 153, 189, 106, 121, 248, 89, 167, 13, 238, 10, 256, 56, 176, 233, 102, 15, 219, 52, 169, 181, 171, 59, 162, 75, 136, 226, 32, 78, 201, 67, 51, 97, 132, 29, 227, 20, 109, 210, 41, 110, 60, 158, 134, 159, 147, 245, 127, 24, 40, 17, 259, 175, 47, 168, 103, 113, 194, 197, 42, 80, 66]'
gil262,WangLeiAlgorithm,2426,463.90440899995156,'[3, 118, 123, 190, 8, 213, 112, 96, 166, 207, 73, 198, 204, 54, 30, 18, 137, 257, 124, 53, 228, 173, 261, 27, 195, 217, 83, 206, 65, 220, 36, 183, 58, 150, 189, 106, 121, 248, 89, 167, 13, 153, 9, 230, 26, 148, 170, 2, 114, 253, 101, 193, 125, 64, 224, 163, 250, 69, 177, 237, 62, 249, 157, 82, 235, 225, 241, 11, 57, 203, 214, 131, 238, 10, 42, 197, 194, 80, 113, 103, 168, 66, 56, 256, 242, 38, 223, 43, 122, 146, 135, 84, 39, 102, 15, 233, 176, 136, 226, 32, 67, 51, 201, 78, 259, 175, 47, 55, 17, 24, 40, 127, 245, 147, 159, 134, 158, 60, 110, 41, 210, 178, 92, 109, 20, 227, 29, 97, 132, 105, 85, 222, 169, 181, 171, 59, 162, 75, 219, 52, 243, 16, 6, 165, 37, 44, 22, 120, 23, 236, 111, 252, 255, 196, 48, 174, 143, 14, 98, 117, 240, 107, 128, 161, 179, 200, 199, 251, 208, 152, 180, 63, 216, 46, 93, 187, 45, 212, 77, 91, 50, 88, 247, 149, 86, 151, 94, 119, 218, 184, 192, 144, 239, 35, 260, 156, 28, 182, 34, 95, 258, 188, 87, 154, 76, 155, 108, 244, 99, 70, 232, 142, 68, 231, 202, 139, 1, 229, 71, 31, 205, 221, 129, 130, 61, 90, 211, 49, 12, 133, 5, 191, 262, 79, 19, 185, 72, 33, 234, 254, 209, 138, 21, 100, 145, 115, 4, 81, 186, 172, 140, 164, 160, 7, 246, 25, 141, 104, 74, 215, 126, 116]'
gil262,GreedyNearestNeighbor,3021,0.008327399962581694,'[103, 113, 80, 194, 197, 42, 10, 238, 131, 214, 57, 203, 11, 241, 235, 82, 157, 249, 62, 237, 177, 69, 163, 224, 64, 125, 195, 2, 170, 148, 26, 9, 153, 230, 58, 183, 150, 36, 220, 83, 206, 65, 228, 53, 124, 257, 137, 18, 30, 54, 204, 198, 73, 96, 112, 213, 215, 126, 116, 104, 74, 141, 25, 246, 208, 251, 199, 44, 22, 120, 23, 236, 111, 196, 48, 174, 143, 14, 98, 240, 117, 107, 45, 187, 93, 46, 216, 63, 180, 152, 200, 179, 161, 128, 252, 255, 92, 178, 210, 41, 110, 60, 20, 109, 227, 29, 97, 132, 105, 85, 222, 165, 6, 243, 16, 84, 135, 146, 122, 223, 43, 225, 242, 38, 39, 102, 15, 219, 75, 162, 59, 171, 181, 169, 52, 233, 176, 136, 226, 32, 78, 201, 67, 51, 134, 158, 159, 147, 245, 24, 40, 127, 17, 55, 47, 168, 66, 56, 256, 175, 259, 118, 123, 3, 8, 190, 250, 27, 261, 173, 217, 114, 253, 101, 193, 13, 167, 89, 248, 121, 189, 106, 49, 12, 133, 5, 191, 262, 79, 19, 185, 72, 33, 254, 234, 142, 68, 232, 70, 99, 108, 244, 209, 145, 115, 100, 21, 138, 186, 81, 4, 258, 188, 95, 34, 182, 28, 156, 260, 239, 35, 119, 218, 184, 192, 144, 91, 77, 50, 88, 151, 94, 86, 149, 247, 212, 37, 7, 160, 164, 140, 172, 166, 207, 211, 90, 61, 129, 221, 130, 205, 31, 71, 229, 1, 139, 202, 231, 155, 76, 154, 87]'
gil262,GeneticAlgorithm,2414,447.3761816000333,'[1, 139, 202, 231, 68, 142, 232, 70, 99, 244, 108, 155, 76, 154, 87, 188, 258, 95, 34, 182, 28, 156, 260, 35, 239, 144, 192, 184, 218, 119, 94, 151, 86, 149, 247, 88, 50, 91, 77, 212, 107, 240, 117, 98, 14, 143, 174, 196, 48, 128, 179, 161, 45, 187, 93, 46, 216, 180, 63, 200, 152, 208, 251, 199, 44, 22, 120, 23, 236, 111, 252, 255, 92, 178, 210, 41, 110, 60, 158, 109, 20, 227, 29, 97, 132, 105, 85, 222, 37, 165, 6, 243, 16, 52, 169, 181, 171, 59, 162, 75, 219, 15, 102, 233, 176, 136, 226, 32, 78, 201, 67, 51, 134, 159, 147, 245, 127, 40, 24, 17, 259, 175, 55, 47, 168, 66, 103, 113, 80, 194, 197, 42, 10, 238, 131, 214, 57, 203, 11, 241, 235, 82, 224, 64, 125, 250, 163, 69, 177, 237, 62, 249, 157, 43, 122, 223, 225, 256, 56, 242, 38, 39, 84, 146, 135, 3, 118, 123, 8, 190, 112, 96, 73, 198, 204, 54, 173, 261, 27, 195, 2, 170, 148, 114, 253, 193, 101, 13, 167, 89, 248, 121, 106, 189, 153, 9, 26, 230, 58, 183, 150, 220, 36, 217, 83, 206, 65, 228, 53, 124, 257, 137, 18, 30, 207, 166, 213, 215, 116, 126, 104, 74, 141, 25, 246, 7, 160, 164, 140, 172, 186, 81, 4, 115, 145, 100, 21, 138, 209, 254, 234, 33, 72, 185, 19, 79, 262, 191, 5, 133, 12, 49, 130, 61, 211, 90, 129, 221, 205, 31, 71, 229]'
gil262,SimulatedAnnealing,2616,72.2147928000195,'[199, 72, 185, 19, 207, 166, 213, 112, 96, 73, 198, 204, 54, 137, 257, 18, 30, 191, 262, 79, 33, 254, 234, 68, 142, 232, 231, 202, 139, 1, 229, 71, 31, 205, 221, 129, 130, 61, 90, 211, 5, 133, 12, 49, 124, 53, 228, 173, 261, 27, 217, 36, 83, 206, 65, 220, 150, 183, 58, 230, 26, 9, 153, 248, 189, 106, 121, 89, 167, 13, 238, 10, 131, 214, 57, 203, 11, 241, 225, 235, 193, 101, 253, 114, 148, 170, 2, 195, 125, 64, 224, 163, 250, 190, 8, 3, 118, 123, 135, 84, 146, 62, 237, 69, 177, 249, 82, 157, 43, 223, 122, 39, 38, 242, 56, 256, 42, 197, 194, 80, 113, 103, 66, 168, 47, 55, 175, 259, 17, 24, 40, 127, 245, 201, 78, 32, 226, 59, 171, 181, 169, 162, 75, 136, 176, 233, 102, 15, 219, 52, 243, 16, 6, 165, 222, 85, 105, 132, 97, 67, 51, 147, 159, 134, 158, 60, 110, 109, 20, 29, 227, 41, 210, 178, 92, 117, 240, 98, 255, 252, 111, 236, 23, 120, 22, 44, 37, 116, 126, 215, 104, 74, 141, 25, 246, 208, 160, 7, 164, 140, 172, 186, 81, 4, 100, 21, 138, 209, 145, 115, 244, 108, 99, 70, 155, 76, 154, 87, 188, 258, 95, 34, 182, 28, 156, 260, 35, 239, 144, 192, 184, 218, 119, 94, 151, 86, 149, 247, 88, 50, 91, 77, 212, 45, 107, 14, 143, 174, 196, 48, 128, 200, 179, 161, 187, 93, 46, 216, 63, 180, 152, 251]'
gil262,WangLeiAlgorithm,2425,494.4395638999995,'[248, 121, 106, 189, 153, 9, 26, 230, 58, 183, 150, 36, 220, 65, 206, 83, 217, 27, 261, 173, 54, 204, 198, 73, 96, 207, 166, 72, 185, 19, 79, 262, 133, 5, 191, 30, 18, 137, 257, 228, 53, 124, 49, 12, 211, 90, 61, 130, 129, 221, 205, 31, 71, 229, 1, 139, 202, 231, 232, 142, 68, 234, 254, 33, 138, 21, 186, 81, 4, 115, 145, 100, 209, 244, 108, 99, 70, 155, 76, 154, 87, 258, 188, 34, 95, 182, 28, 156, 260, 35, 239, 144, 192, 184, 218, 119, 94, 151, 149, 86, 247, 88, 50, 91, 77, 212, 45, 187, 93, 46, 216, 161, 179, 200, 63, 180, 152, 251, 208, 160, 164, 172, 140, 7, 246, 25, 141, 74, 104, 126, 116, 215, 213, 112, 190, 8, 123, 118, 3, 135, 146, 84, 16, 243, 6, 165, 37, 44, 199, 22, 120, 128, 48, 23, 236, 111, 252, 255, 196, 174, 143, 14, 107, 98, 240, 117, 92, 178, 210, 41, 110, 60, 158, 109, 20, 227, 29, 97, 132, 105, 85, 222, 169, 181, 171, 59, 162, 75, 52, 219, 15, 102, 39, 233, 176, 136, 226, 32, 78, 201, 67, 51, 134, 159, 147, 245, 127, 40, 24, 17, 259, 175, 55, 47, 168, 66, 103, 113, 80, 194, 197, 42, 10, 238, 131, 57, 203, 214, 256, 56, 242, 38, 122, 223, 43, 225, 241, 11, 235, 82, 157, 249, 62, 237, 177, 69, 224, 163, 250, 64, 125, 195, 2, 170, 148, 114, 253, 193, 101, 13, 167, 89]'
gil262,GreedyNearestNeighbor,2858,0.008311099954880774,'[218, 184, 192, 144, 260, 239, 35, 119, 94, 151, 86, 149, 247, 88, 50, 77, 91, 93, 187, 161, 179, 46, 216, 63, 180, 152, 200, 22, 120, 23, 236, 111, 196, 48, 174, 143, 14, 98, 240, 117, 107, 45, 128, 252, 255, 92, 178, 210, 41, 110, 60, 20, 109, 227, 29, 97, 132, 105, 85, 222, 165, 6, 243, 16, 84, 135, 146, 62, 249, 157, 82, 235, 241, 11, 225, 223, 43, 122, 38, 242, 56, 256, 10, 238, 131, 214, 57, 203, 193, 101, 253, 114, 148, 26, 9, 153, 230, 170, 2, 195, 27, 261, 173, 137, 18, 30, 54, 204, 198, 73, 96, 112, 213, 215, 126, 116, 104, 74, 141, 25, 246, 208, 251, 199, 44, 37, 169, 181, 171, 162, 75, 59, 219, 15, 102, 39, 233, 176, 136, 226, 32, 78, 201, 67, 51, 134, 158, 159, 147, 245, 24, 40, 127, 17, 55, 47, 168, 66, 113, 103, 80, 194, 197, 42, 175, 259, 52, 3, 118, 123, 8, 190, 69, 177, 237, 224, 163, 250, 64, 125, 217, 83, 206, 65, 220, 36, 183, 150, 58, 189, 248, 121, 89, 167, 13, 106, 228, 53, 124, 257, 12, 49, 130, 129, 221, 61, 90, 211, 5, 133, 191, 262, 79, 19, 185, 72, 33, 254, 234, 142, 68, 232, 70, 99, 108, 244, 209, 145, 115, 100, 21, 138, 186, 81, 4, 258, 188, 95, 34, 182, 28, 156, 160, 7, 164, 140, 172, 166, 207, 205, 31, 71, 229, 1, 139, 202, 231, 155, 76, 154, 87, 212]'
gil262,GeneticAlgorithm,2394,508.00904210004956,'[1, 139, 202, 231, 68, 142, 232, 70, 99, 244, 108, 155, 76, 154, 87, 188, 258, 95, 34, 182, 28, 156, 260, 35, 239, 144, 192, 184, 218, 119, 94, 151, 86, 149, 247, 88, 50, 91, 77, 212, 107, 240, 117, 98, 14, 143, 174, 196, 48, 128, 179, 161, 45, 187, 93, 46, 216, 63, 200, 180, 152, 208, 251, 199, 44, 22, 120, 23, 236, 111, 252, 255, 92, 178, 210, 41, 110, 60, 158, 109, 20, 227, 29, 97, 132, 105, 85, 222, 165, 37, 6, 16, 243, 52, 169, 181, 171, 59, 162, 75, 219, 15, 102, 39, 233, 176, 136, 226, 32, 78, 201, 67, 51, 134, 159, 147, 245, 127, 40, 24, 17, 259, 175, 55, 47, 168, 66, 103, 113, 80, 194, 197, 42, 10, 238, 131, 214, 57, 203, 101, 193, 125, 64, 250, 163, 224, 69, 177, 237, 62, 249, 157, 82, 235, 11, 241, 225, 256, 56, 242, 38, 223, 43, 122, 146, 84, 135, 123, 118, 3, 8, 190, 112, 96, 73, 198, 204, 54, 173, 261, 27, 195, 2, 170, 253, 114, 148, 26, 230, 9, 153, 13, 167, 89, 248, 121, 106, 189, 58, 183, 150, 220, 36, 217, 83, 206, 65, 228, 53, 124, 257, 137, 18, 30, 207, 166, 213, 215, 116, 126, 104, 74, 141, 25, 246, 7, 160, 164, 140, 172, 186, 81, 4, 115, 145, 100, 21, 138, 209, 254, 234, 33, 72, 185, 19, 79, 262, 191, 5, 133, 12, 49, 130, 61, 211, 90, 129, 221, 205, 31, 71, 229]'
gil262,SimulatedAnnealing,2676,71.00815570005216,'[130, 79, 262, 19, 185, 72, 21, 100, 145, 115, 244, 108, 70, 99, 209, 138, 33, 254, 234, 142, 68, 205, 211, 90, 61, 129, 221, 31, 71, 229, 1, 139, 202, 231, 232, 155, 76, 154, 87, 258, 188, 34, 95, 182, 28, 156, 260, 144, 192, 184, 218, 239, 35, 119, 149, 86, 94, 151, 247, 88, 50, 77, 91, 93, 187, 161, 46, 216, 63, 180, 152, 208, 251, 199, 44, 120, 22, 200, 179, 128, 48, 23, 236, 196, 174, 143, 14, 45, 212, 107, 98, 240, 117, 255, 252, 111, 105, 85, 222, 37, 165, 6, 16, 243, 169, 181, 171, 59, 162, 75, 52, 219, 15, 102, 233, 176, 136, 226, 32, 78, 201, 67, 132, 97, 29, 227, 20, 109, 92, 178, 210, 41, 110, 60, 158, 51, 134, 159, 147, 245, 127, 40, 24, 17, 259, 175, 55, 47, 168, 66, 103, 113, 80, 194, 197, 42, 10, 256, 56, 242, 38, 39, 122, 223, 43, 146, 84, 135, 123, 118, 3, 116, 126, 104, 141, 25, 246, 160, 7, 140, 164, 4, 81, 186, 172, 74, 215, 8, 190, 112, 213, 96, 166, 207, 73, 198, 54, 204, 250, 163, 224, 69, 177, 237, 62, 249, 157, 82, 235, 225, 241, 11, 214, 131, 238, 57, 203, 193, 101, 253, 114, 148, 13, 167, 89, 248, 121, 106, 189, 153, 9, 26, 230, 170, 2, 125, 64, 195, 27, 261, 173, 217, 183, 58, 150, 220, 36, 83, 206, 65, 228, 53, 124, 49, 12, 133, 5, 191, 30, 18, 137, 257]'
gil262,WangLeiAlgorithm,2391,554.3007224999601,'[56, 256, 225, 241, 235, 11, 203, 57, 214, 131, 238, 10, 42, 197, 194, 80, 113, 103, 66, 168, 47, 55, 175, 259, 17, 24, 40, 127, 245, 147, 159, 134, 51, 67, 201, 78, 32, 226, 136, 176, 233, 39, 102, 15, 219, 75, 162, 59, 171, 181, 169, 52, 16, 243, 6, 165, 37, 222, 85, 105, 132, 97, 29, 227, 20, 109, 158, 60, 110, 41, 210, 178, 92, 255, 252, 111, 236, 23, 48, 196, 174, 143, 14, 98, 117, 240, 107, 212, 45, 187, 93, 161, 179, 128, 120, 22, 44, 199, 251, 208, 152, 180, 200, 63, 216, 46, 91, 77, 50, 88, 247, 149, 86, 151, 94, 119, 218, 184, 192, 144, 239, 35, 260, 156, 28, 182, 95, 34, 188, 258, 87, 154, 76, 155, 108, 244, 99, 70, 232, 142, 68, 231, 202, 139, 1, 229, 71, 31, 205, 221, 129, 130, 61, 90, 211, 49, 12, 133, 5, 191, 262, 79, 19, 185, 72, 33, 234, 254, 209, 138, 21, 100, 145, 115, 4, 81, 186, 172, 140, 164, 7, 160, 246, 25, 141, 74, 104, 126, 116, 215, 213, 112, 96, 166, 207, 73, 198, 204, 54, 30, 18, 137, 257, 124, 53, 228, 173, 261, 27, 195, 2, 170, 217, 83, 206, 65, 220, 36, 183, 58, 150, 189, 106, 121, 248, 89, 167, 13, 153, 9, 230, 26, 148, 114, 253, 101, 193, 125, 64, 250, 163, 224, 82, 157, 249, 62, 237, 177, 69, 190, 8, 123, 118, 3, 135, 84, 146, 122, 43, 223, 38, 242]'
gil262,GreedyNearestNeighbor,3064,0.008318100008182228,'[79, 262, 191, 5, 133, 12, 49, 124, 257, 137, 18, 30, 54, 204, 198, 73, 96, 112, 213, 215, 126, 116, 104, 74, 141, 25, 246, 208, 251, 199, 44, 22, 120, 23, 236, 111, 196, 48, 174, 143, 14, 98, 240, 117, 107, 45, 187, 93, 46, 216, 63, 180, 152, 200, 179, 161, 128, 252, 255, 92, 178, 210, 41, 110, 60, 20, 109, 227, 29, 97, 132, 105, 85, 222, 165, 6, 243, 16, 84, 135, 146, 62, 249, 157, 82, 235, 241, 11, 225, 223, 43, 122, 38, 242, 56, 256, 10, 238, 131, 214, 57, 203, 193, 101, 253, 114, 148, 26, 9, 153, 230, 170, 2, 195, 27, 261, 173, 217, 83, 206, 65, 220, 36, 183, 58, 150, 189, 248, 121, 89, 167, 13, 125, 64, 163, 224, 69, 177, 237, 250, 190, 8, 118, 123, 3, 102, 15, 219, 75, 162, 59, 171, 181, 169, 52, 233, 176, 136, 226, 32, 78, 201, 67, 51, 134, 158, 159, 147, 245, 24, 40, 127, 17, 55, 47, 168, 66, 113, 103, 80, 194, 197, 42, 175, 259, 39, 37, 7, 160, 164, 140, 172, 186, 21, 138, 209, 145, 115, 100, 81, 4, 258, 188, 95, 34, 182, 28, 156, 260, 239, 35, 119, 218, 184, 192, 144, 91, 77, 50, 88, 151, 94, 86, 149, 247, 212, 87, 154, 76, 155, 108, 244, 70, 99, 232, 142, 68, 231, 202, 139, 229, 71, 31, 205, 221, 129, 130, 61, 90, 211, 33, 254, 234, 72, 185, 19, 166, 207, 228, 53, 106, 1]'
gil262,GeneticAlgorithm,2394,465.1192308999598,'[1, 139, 202, 231, 68, 142, 232, 70, 99, 244, 108, 155, 76, 154, 87, 188, 258, 95, 34, 182, 28, 156, 260, 35, 239, 144, 192, 184, 218, 119, 94, 151, 86, 149, 247, 88, 50, 91, 77, 212, 107, 240, 117, 98, 14, 143, 174, 196, 48, 128, 179, 161, 45, 187, 93, 46, 216, 180, 63, 200, 152, 208, 251, 199, 44, 22, 120, 23, 236, 111, 252, 255, 92, 178, 210, 41, 110, 60, 158, 109, 20, 227, 29, 97, 132, 105, 85, 222, 165, 37, 6, 16, 243, 52, 169, 181, 171, 59, 162, 75, 219, 15, 102, 39, 233, 176, 136, 226, 32, 78, 201, 67, 51, 134, 159, 147, 245, 127, 40, 24, 17, 259, 175, 55, 47, 168, 66, 103, 113, 80, 194, 197, 42, 10, 238, 131, 214, 57, 203, 101, 193, 125, 64, 250, 163, 224, 69, 177, 237, 62, 249, 157, 82, 235, 11, 241, 225, 256, 56, 242, 38, 223, 43, 122, 146, 84, 135, 3, 118, 123, 8, 190, 112, 96, 73, 198, 204, 54, 173, 261, 27, 195, 2, 170, 253, 114, 148, 26, 230, 9, 153, 13, 167, 89, 248, 121, 106, 189, 58, 183, 150, 220, 36, 217, 83, 206, 65, 228, 53, 124, 257, 137, 18, 30, 207, 166, 213, 215, 116, 126, 104, 74, 141, 25, 246, 160, 7, 164, 140, 172, 186, 81, 4, 115, 145, 100, 21, 138, 209, 254, 234, 33, 72, 185, 19, 79, 262, 191, 5, 133, 12, 49, 130, 61, 211, 90, 129, 221, 205, 31, 71, 229]'
gil262,SimulatedAnnealing,2598,69.88240739994217,'[165, 169, 181, 171, 105, 132, 97, 29, 227, 20, 109, 158, 60, 110, 41, 210, 178, 92, 255, 252, 111, 236, 23, 120, 22, 85, 222, 37, 44, 199, 251, 25, 246, 208, 152, 200, 63, 180, 216, 46, 93, 187, 45, 161, 179, 128, 48, 196, 174, 143, 14, 98, 117, 240, 107, 212, 77, 91, 50, 88, 247, 151, 94, 86, 149, 119, 239, 35, 260, 218, 184, 192, 144, 156, 28, 182, 34, 95, 258, 188, 87, 154, 76, 108, 155, 231, 202, 139, 1, 229, 71, 31, 205, 221, 129, 61, 90, 211, 68, 142, 232, 70, 99, 244, 115, 145, 100, 186, 81, 4, 164, 160, 7, 140, 172, 21, 138, 209, 254, 234, 33, 79, 19, 185, 72, 166, 207, 191, 262, 5, 133, 12, 49, 130, 53, 228, 65, 206, 83, 217, 2, 170, 230, 58, 183, 36, 220, 150, 189, 106, 121, 248, 89, 167, 13, 153, 9, 26, 148, 114, 253, 101, 193, 125, 64, 224, 163, 250, 195, 27, 261, 173, 137, 124, 257, 18, 30, 54, 204, 198, 73, 96, 112, 213, 74, 104, 141, 126, 116, 215, 8, 190, 123, 118, 3, 135, 84, 146, 69, 177, 237, 62, 249, 157, 82, 235, 203, 57, 214, 131, 238, 10, 42, 197, 194, 80, 113, 103, 66, 168, 47, 55, 175, 259, 17, 24, 40, 127, 245, 147, 159, 134, 51, 67, 201, 78, 32, 226, 136, 176, 233, 38, 242, 56, 256, 11, 241, 225, 223, 43, 122, 39, 102, 15, 219, 75, 59, 162, 52, 243, 16, 6]'
gil262,WangLeiAlgorithm,2403,566.7085795999737,'[211, 90, 61, 130, 129, 221, 205, 31, 71, 229, 1, 139, 202, 231, 232, 142, 68, 234, 254, 33, 138, 21, 186, 81, 4, 115, 145, 100, 209, 99, 70, 244, 108, 155, 76, 154, 87, 188, 258, 34, 95, 182, 28, 156, 260, 35, 239, 144, 192, 184, 218, 119, 94, 151, 86, 149, 247, 88, 50, 91, 77, 212, 45, 187, 93, 46, 216, 63, 180, 152, 200, 179, 161, 128, 174, 143, 14, 107, 98, 240, 117, 178, 92, 255, 252, 111, 196, 48, 23, 236, 120, 22, 44, 199, 251, 208, 246, 25, 141, 7, 160, 164, 140, 172, 74, 104, 126, 116, 215, 213, 112, 190, 8, 123, 118, 3, 135, 146, 84, 16, 243, 6, 165, 37, 222, 85, 105, 169, 181, 171, 59, 162, 75, 219, 52, 15, 102, 39, 233, 176, 136, 226, 32, 78, 201, 67, 51, 97, 132, 29, 227, 20, 109, 41, 210, 110, 60, 158, 134, 159, 147, 245, 127, 40, 24, 17, 259, 175, 55, 47, 168, 66, 103, 113, 80, 194, 197, 42, 10, 238, 131, 203, 57, 214, 256, 56, 242, 38, 122, 223, 43, 225, 241, 11, 235, 82, 157, 249, 62, 237, 177, 69, 224, 163, 250, 64, 125, 193, 101, 253, 114, 148, 26, 9, 153, 13, 167, 89, 248, 121, 106, 189, 220, 36, 183, 150, 58, 230, 170, 2, 195, 27, 261, 173, 217, 83, 206, 65, 228, 53, 124, 257, 137, 18, 30, 54, 204, 198, 73, 96, 207, 166, 72, 185, 19, 79, 262, 191, 5, 133, 12, 49]'
gil262,GreedyNearestNeighbor,2893,0.008835999993607402,'[257, 124, 49, 12, 133, 5, 191, 262, 79, 19, 185, 72, 33, 254, 234, 68, 142, 232, 70, 99, 108, 244, 115, 145, 100, 21, 138, 209, 186, 81, 4, 258, 188, 95, 34, 182, 28, 156, 260, 239, 35, 119, 218, 184, 192, 144, 46, 216, 63, 180, 152, 200, 179, 161, 93, 187, 45, 128, 48, 23, 236, 111, 196, 174, 143, 14, 98, 240, 117, 107, 212, 77, 91, 50, 88, 151, 94, 86, 149, 247, 120, 22, 44, 199, 251, 208, 246, 25, 141, 104, 74, 215, 126, 116, 3, 118, 123, 8, 190, 112, 213, 96, 73, 198, 204, 54, 18, 30, 137, 173, 261, 27, 195, 2, 170, 148, 26, 9, 153, 230, 58, 183, 150, 36, 220, 83, 206, 65, 228, 53, 130, 129, 221, 61, 90, 211, 205, 31, 71, 229, 1, 139, 202, 231, 155, 76, 154, 87, 164, 7, 160, 140, 172, 166, 207, 250, 163, 224, 82, 157, 249, 62, 237, 177, 69, 146, 135, 84, 16, 243, 6, 165, 37, 222, 85, 105, 132, 97, 29, 227, 20, 109, 110, 60, 158, 134, 147, 245, 201, 78, 32, 67, 51, 226, 136, 176, 233, 102, 15, 219, 75, 162, 59, 171, 181, 169, 52, 39, 38, 242, 56, 256, 10, 238, 131, 214, 57, 203, 11, 241, 235, 225, 223, 43, 122, 64, 125, 193, 101, 253, 114, 13, 167, 89, 248, 121, 189, 106, 217, 42, 197, 194, 80, 113, 103, 168, 66, 47, 55, 175, 259, 17, 40, 24, 127, 159, 41, 210, 178, 92, 255, 252]'
gil262,GeneticAlgorithm,2397,429.47883240005467,'[1, 139, 202, 231, 68, 142, 232, 70, 99, 244, 108, 155, 76, 154, 87, 188, 258, 95, 34, 182, 28, 156, 260, 35, 239, 144, 192, 184, 218, 119, 94, 151, 86, 149, 247, 88, 50, 91, 77, 212, 107, 240, 117, 98, 14, 143, 174, 196, 48, 128, 179, 161, 45, 187, 93, 46, 216, 180, 63, 200, 152, 208, 251, 199, 44, 22, 120, 23, 236, 111, 252, 255, 92, 178, 210, 41, 110, 60, 158, 20, 109, 227, 29, 97, 132, 105, 85, 222, 37, 165, 6, 169, 181, 171, 59, 162, 75, 219, 233, 176, 136, 226, 32, 78, 201, 67, 51, 134, 159, 147, 245, 127, 40, 24, 17, 259, 175, 55, 47, 168, 66, 103, 113, 80, 194, 197, 42, 10, 238, 131, 214, 57, 203, 193, 101, 125, 64, 224, 163, 250, 69, 177, 237, 62, 249, 157, 82, 235, 11, 241, 225, 43, 223, 122, 242, 256, 56, 38, 39, 102, 15, 52, 243, 16, 84, 146, 135, 123, 118, 3, 8, 190, 112, 96, 73, 198, 204, 54, 173, 261, 27, 195, 2, 170, 253, 114, 148, 26, 230, 9, 153, 13, 167, 89, 248, 121, 106, 189, 58, 183, 150, 220, 36, 217, 83, 206, 65, 228, 53, 124, 257, 137, 18, 30, 207, 166, 213, 215, 116, 126, 104, 74, 141, 25, 246, 7, 160, 164, 140, 172, 186, 81, 4, 115, 145, 100, 21, 138, 209, 254, 234, 33, 72, 185, 19, 79, 262, 191, 5, 133, 12, 49, 130, 61, 211, 90, 129, 221, 205, 31, 71, 229]'
gil262,SimulatedAnnealing,2613,70.50969999993686,'[178, 210, 41, 92, 117, 240, 98, 107, 14, 143, 174, 48, 196, 236, 23, 120, 22, 111, 252, 255, 85, 105, 132, 97, 67, 201, 32, 78, 259, 226, 136, 176, 233, 39, 102, 15, 219, 52, 75, 162, 59, 171, 181, 169, 243, 16, 6, 165, 222, 37, 44, 199, 251, 25, 246, 208, 152, 200, 179, 63, 180, 216, 46, 93, 187, 161, 128, 45, 212, 77, 91, 50, 88, 247, 151, 94, 86, 149, 119, 218, 184, 192, 144, 239, 35, 260, 156, 28, 182, 34, 95, 258, 188, 87, 154, 76, 155, 70, 108, 244, 115, 145, 100, 209, 99, 232, 142, 68, 231, 202, 139, 1, 229, 71, 31, 205, 221, 129, 211, 90, 61, 130, 53, 228, 65, 206, 83, 217, 36, 220, 150, 183, 58, 170, 230, 153, 248, 189, 106, 121, 89, 167, 13, 9, 26, 148, 114, 253, 101, 193, 203, 57, 238, 10, 131, 214, 11, 241, 225, 235, 82, 224, 163, 250, 64, 125, 2, 195, 27, 261, 204, 198, 54, 173, 137, 257, 124, 49, 12, 133, 5, 191, 18, 30, 207, 73, 96, 166, 262, 79, 19, 185, 72, 33, 234, 254, 138, 21, 186, 81, 4, 172, 164, 160, 7, 140, 141, 74, 104, 126, 116, 215, 213, 112, 8, 190, 123, 118, 3, 135, 84, 146, 177, 69, 237, 62, 249, 157, 43, 223, 122, 38, 242, 56, 256, 42, 197, 194, 80, 113, 103, 66, 168, 47, 55, 175, 17, 24, 40, 127, 245, 147, 159, 134, 51, 158, 60, 110, 109, 20, 29, 227]'
gil262,WangLeiAlgorithm,2418,527.429922799929,'[125, 64, 250, 163, 224, 69, 177, 237, 249, 62, 146, 84, 135, 3, 118, 123, 190, 8, 112, 213, 215, 116, 126, 104, 74, 141, 25, 208, 246, 7, 160, 164, 140, 172, 72, 185, 19, 79, 262, 191, 5, 133, 12, 49, 130, 61, 211, 90, 129, 221, 205, 31, 71, 229, 1, 139, 202, 231, 232, 142, 68, 234, 254, 33, 138, 21, 186, 81, 4, 115, 145, 100, 209, 99, 70, 244, 108, 155, 76, 154, 87, 188, 258, 34, 95, 182, 28, 156, 260, 35, 239, 144, 192, 184, 218, 119, 94, 151, 86, 149, 247, 88, 50, 91, 77, 212, 45, 187, 93, 161, 179, 46, 216, 63, 180, 152, 200, 251, 199, 44, 22, 120, 23, 236, 111, 196, 48, 128, 174, 143, 14, 107, 98, 240, 117, 178, 92, 255, 252, 105, 85, 222, 37, 165, 6, 243, 16, 52, 169, 181, 171, 59, 162, 75, 219, 15, 102, 39, 233, 176, 136, 226, 32, 78, 201, 67, 51, 97, 132, 29, 227, 20, 109, 210, 41, 110, 60, 158, 134, 159, 147, 245, 127, 40, 24, 17, 259, 175, 55, 47, 168, 66, 103, 113, 80, 194, 197, 42, 238, 10, 256, 56, 242, 38, 122, 223, 43, 157, 82, 235, 225, 241, 11, 214, 131, 57, 203, 193, 101, 253, 114, 148, 26, 230, 9, 153, 13, 167, 89, 248, 121, 106, 189, 150, 58, 183, 36, 220, 83, 206, 65, 228, 53, 124, 257, 137, 18, 30, 207, 166, 96, 73, 198, 204, 54, 173, 261, 27, 217, 170, 2, 195]'
gil262,GreedyNearestNeighbor,2866,0.008085200097411871,'[120, 22, 23, 236, 111, 196, 48, 174, 143, 14, 98, 240, 117, 107, 45, 187, 93, 46, 216, 63, 180, 152, 200, 179, 161, 128, 252, 255, 92, 178, 210, 41, 110, 60, 20, 109, 227, 29, 97, 132, 105, 85, 222, 165, 6, 243, 16, 84, 135, 146, 62, 249, 157, 82, 235, 241, 11, 225, 223, 43, 122, 38, 242, 56, 256, 10, 238, 131, 214, 57, 203, 193, 101, 253, 114, 148, 26, 9, 153, 230, 170, 2, 195, 27, 261, 173, 137, 18, 30, 54, 204, 198, 73, 96, 112, 213, 215, 126, 116, 104, 74, 141, 25, 246, 208, 251, 199, 44, 37, 169, 181, 171, 162, 75, 59, 219, 15, 102, 39, 233, 176, 136, 226, 32, 78, 201, 67, 51, 134, 158, 159, 147, 245, 24, 40, 127, 17, 55, 47, 168, 66, 113, 103, 80, 194, 197, 42, 175, 259, 52, 3, 118, 123, 8, 190, 69, 177, 237, 224, 163, 250, 64, 125, 217, 83, 206, 65, 220, 36, 183, 58, 150, 189, 248, 121, 89, 167, 13, 106, 228, 53, 124, 257, 12, 49, 130, 129, 221, 61, 90, 211, 5, 133, 191, 262, 79, 19, 185, 72, 33, 254, 234, 142, 68, 232, 70, 99, 108, 244, 209, 145, 115, 100, 21, 138, 186, 81, 4, 258, 188, 95, 34, 182, 28, 156, 260, 239, 35, 119, 218, 184, 192, 144, 91, 77, 50, 88, 151, 94, 86, 149, 247, 212, 160, 7, 164, 140, 172, 166, 207, 205, 31, 71, 229, 1, 139, 202, 231, 155, 76, 154, 87]'
gil262,GeneticAlgorithm,2394,485.5228508000728,'[1, 139, 202, 231, 68, 142, 232, 70, 99, 244, 108, 155, 76, 154, 87, 188, 258, 95, 34, 182, 28, 156, 260, 35, 239, 144, 192, 184, 218, 119, 94, 151, 86, 149, 247, 88, 50, 91, 77, 212, 107, 240, 117, 98, 14, 143, 174, 196, 48, 128, 179, 161, 45, 187, 93, 46, 216, 180, 63, 200, 152, 208, 251, 199, 44, 22, 120, 23, 236, 111, 252, 255, 92, 178, 210, 41, 110, 60, 158, 109, 20, 227, 29, 97, 132, 105, 85, 222, 37, 165, 6, 16, 243, 52, 169, 181, 171, 59, 162, 75, 219, 15, 102, 39, 233, 176, 136, 226, 32, 78, 201, 67, 51, 134, 159, 147, 245, 127, 40, 24, 17, 259, 175, 55, 47, 168, 66, 103, 113, 80, 194, 197, 42, 10, 238, 131, 214, 57, 203, 101, 193, 125, 64, 250, 163, 224, 69, 177, 237, 62, 249, 157, 82, 235, 11, 241, 225, 256, 56, 242, 38, 223, 43, 122, 146, 84, 135, 3, 118, 123, 8, 190, 112, 96, 73, 198, 204, 54, 173, 261, 27, 195, 2, 170, 253, 114, 148, 26, 230, 9, 153, 13, 167, 89, 248, 121, 106, 189, 150, 58, 183, 220, 36, 217, 83, 206, 65, 228, 53, 124, 257, 137, 18, 30, 207, 166, 213, 215, 116, 126, 104, 74, 141, 25, 246, 7, 160, 164, 140, 172, 186, 81, 4, 115, 145, 100, 21, 138, 209, 254, 234, 33, 72, 185, 19, 79, 262, 191, 5, 133, 12, 49, 130, 61, 90, 211, 129, 221, 205, 31, 71, 229]'
gil262,SimulatedAnnealing,2647,70.74694719992112,'[141, 79, 262, 191, 5, 133, 12, 49, 61, 90, 211, 205, 31, 221, 129, 130, 53, 228, 124, 257, 137, 173, 261, 27, 195, 2, 217, 83, 206, 65, 220, 36, 150, 183, 58, 230, 170, 253, 114, 148, 26, 9, 153, 189, 106, 121, 248, 89, 167, 13, 238, 10, 131, 214, 203, 57, 11, 241, 225, 223, 122, 43, 157, 82, 235, 193, 101, 125, 64, 224, 163, 250, 69, 177, 237, 249, 62, 146, 135, 84, 16, 243, 52, 15, 219, 75, 162, 59, 171, 181, 169, 6, 165, 37, 222, 85, 105, 132, 97, 67, 32, 78, 226, 136, 176, 233, 102, 39, 38, 242, 56, 256, 42, 197, 194, 80, 113, 103, 66, 168, 47, 55, 175, 259, 17, 24, 40, 127, 245, 201, 51, 147, 159, 134, 158, 60, 110, 109, 20, 29, 227, 41, 210, 178, 92, 255, 252, 111, 236, 23, 48, 196, 174, 143, 14, 98, 117, 240, 107, 212, 77, 50, 88, 247, 151, 94, 86, 149, 119, 218, 184, 192, 144, 91, 93, 187, 45, 128, 120, 22, 44, 199, 200, 179, 161, 46, 216, 63, 180, 152, 251, 208, 246, 25, 140, 172, 164, 7, 160, 28, 156, 260, 239, 35, 182, 95, 34, 188, 258, 87, 154, 76, 155, 108, 244, 115, 145, 4, 81, 186, 100, 209, 99, 70, 232, 231, 202, 139, 1, 229, 71, 68, 142, 234, 254, 33, 138, 21, 72, 185, 19, 166, 207, 30, 18, 54, 204, 198, 73, 96, 112, 213, 8, 190, 123, 118, 3, 116, 126, 215, 104, 74]'
gil262,WangLeiAlgorithm,2399,560.049399200012,'[168, 66, 103, 113, 80, 194, 197, 42, 10, 238, 131, 214, 57, 203, 11, 235, 241, 225, 223, 43, 122, 242, 256, 56, 38, 39, 84, 135, 146, 69, 177, 237, 62, 249, 157, 82, 224, 163, 250, 64, 125, 193, 101, 253, 114, 148, 26, 9, 153, 13, 167, 89, 248, 121, 106, 189, 230, 170, 2, 195, 217, 183, 58, 150, 36, 220, 83, 206, 65, 228, 53, 124, 257, 30, 18, 137, 173, 27, 261, 54, 204, 198, 73, 207, 166, 96, 112, 213, 8, 190, 123, 118, 3, 116, 126, 215, 104, 74, 141, 25, 246, 7, 160, 164, 140, 172, 186, 81, 4, 115, 145, 100, 21, 138, 209, 254, 234, 33, 72, 185, 19, 79, 262, 191, 5, 133, 12, 49, 211, 90, 61, 130, 129, 221, 205, 31, 71, 229, 1, 139, 202, 231, 68, 142, 232, 70, 99, 244, 108, 155, 76, 154, 87, 188, 258, 34, 95, 182, 28, 156, 260, 35, 239, 144, 192, 184, 218, 119, 94, 151, 86, 149, 247, 88, 50, 77, 91, 46, 93, 187, 45, 212, 107, 240, 117, 98, 14, 143, 174, 196, 48, 128, 161, 179, 200, 63, 216, 180, 152, 208, 251, 199, 44, 22, 120, 23, 236, 111, 252, 255, 92, 178, 210, 41, 110, 60, 158, 109, 20, 227, 29, 97, 132, 105, 85, 222, 37, 165, 6, 16, 243, 52, 169, 181, 171, 59, 162, 75, 219, 15, 102, 233, 176, 136, 226, 32, 78, 201, 67, 51, 134, 159, 147, 245, 127, 40, 24, 17, 259, 175, 55, 47]'
gil262,GreedyNearestNeighbor,3089,0.010746599989943206,'[33, 254, 234, 68, 142, 232, 70, 99, 108, 244, 115, 145, 100, 21, 138, 209, 186, 81, 4, 258, 188, 95, 34, 182, 28, 156, 260, 239, 35, 119, 218, 184, 192, 144, 46, 216, 63, 180, 152, 200, 179, 161, 93, 187, 45, 128, 48, 23, 236, 111, 196, 174, 143, 14, 98, 240, 117, 107, 212, 77, 91, 50, 88, 151, 94, 86, 149, 247, 120, 22, 44, 199, 251, 208, 246, 25, 141, 104, 74, 215, 126, 116, 3, 118, 123, 8, 190, 112, 213, 96, 73, 198, 204, 54, 18, 30, 137, 257, 124, 49, 12, 133, 5, 191, 262, 79, 19, 185, 72, 166, 207, 261, 27, 173, 217, 83, 206, 65, 220, 36, 183, 58, 150, 230, 26, 148, 114, 253, 101, 193, 64, 125, 195, 2, 170, 9, 153, 89, 167, 248, 121, 189, 106, 13, 57, 203, 214, 131, 238, 10, 42, 197, 194, 80, 113, 103, 168, 47, 55, 175, 259, 78, 32, 201, 67, 51, 97, 132, 29, 227, 20, 109, 110, 60, 158, 134, 147, 245, 24, 40, 127, 17, 66, 56, 256, 242, 38, 39, 102, 15, 219, 75, 162, 59, 171, 181, 169, 52, 243, 16, 84, 135, 146, 62, 249, 157, 82, 235, 241, 11, 225, 223, 43, 122, 237, 177, 69, 163, 224, 250, 233, 176, 136, 226, 105, 85, 222, 165, 6, 37, 252, 255, 92, 178, 210, 41, 159, 7, 160, 164, 140, 172, 154, 76, 155, 231, 202, 139, 229, 71, 31, 205, 221, 129, 130, 61, 90, 211, 53, 228, 1, 87]'
gil262,GeneticAlgorithm,2394,509.41938490001485,'[1, 229, 71, 31, 205, 221, 129, 90, 211, 61, 130, 49, 12, 133, 5, 191, 262, 79, 19, 185, 72, 33, 234, 254, 209, 138, 21, 100, 145, 115, 4, 81, 186, 172, 140, 164, 160, 7, 246, 25, 141, 74, 104, 126, 116, 215, 213, 166, 207, 30, 18, 137, 257, 124, 53, 228, 65, 206, 83, 217, 36, 220, 150, 183, 58, 189, 106, 121, 248, 89, 167, 13, 153, 9, 230, 26, 148, 114, 253, 170, 2, 195, 27, 261, 173, 54, 204, 198, 73, 96, 112, 8, 190, 123, 118, 3, 135, 84, 146, 122, 43, 223, 38, 242, 56, 256, 225, 241, 11, 235, 82, 157, 249, 62, 237, 177, 69, 250, 163, 224, 64, 125, 193, 101, 203, 57, 214, 131, 238, 10, 42, 197, 194, 80, 113, 103, 66, 168, 47, 55, 175, 259, 17, 24, 40, 127, 245, 147, 159, 134, 51, 67, 201, 78, 32, 226, 136, 176, 233, 39, 102, 15, 219, 75, 162, 59, 171, 181, 169, 52, 16, 243, 6, 37, 165, 222, 85, 105, 132, 97, 29, 227, 20, 109, 158, 60, 110, 41, 210, 178, 92, 255, 252, 111, 236, 23, 120, 22, 44, 199, 251, 208, 152, 180, 200, 63, 216, 46, 93, 187, 45, 161, 179, 128, 48, 196, 174, 143, 14, 98, 117, 240, 107, 212, 77, 91, 50, 88, 247, 149, 86, 151, 94, 119, 218, 184, 192, 144, 239, 35, 260, 156, 28, 182, 34, 95, 258, 188, 87, 154, 76, 155, 108, 244, 99, 70, 232, 142, 68, 231, 202, 139]'
gil262,SimulatedAnnealing,2613,72.47700369998347,'[28, 128, 48, 196, 174, 143, 14, 98, 117, 240, 107, 212, 77, 91, 50, 88, 247, 149, 86, 151, 94, 119, 218, 184, 192, 144, 239, 35, 260, 156, 182, 95, 34, 87, 188, 258, 4, 81, 186, 21, 138, 72, 185, 19, 33, 234, 254, 209, 100, 145, 115, 244, 154, 76, 155, 108, 70, 99, 232, 142, 68, 231, 202, 139, 1, 229, 71, 31, 205, 221, 129, 211, 90, 61, 130, 49, 12, 133, 5, 79, 262, 191, 30, 18, 137, 257, 124, 53, 228, 173, 261, 27, 195, 217, 83, 206, 65, 220, 36, 183, 58, 150, 189, 106, 121, 248, 89, 167, 13, 153, 9, 26, 148, 230, 170, 2, 114, 253, 125, 64, 224, 163, 69, 177, 237, 62, 249, 157, 82, 193, 101, 203, 57, 131, 214, 11, 235, 241, 225, 43, 223, 122, 39, 102, 15, 219, 52, 243, 16, 3, 116, 126, 215, 213, 112, 96, 166, 207, 73, 198, 54, 204, 250, 190, 8, 123, 118, 135, 84, 146, 38, 242, 56, 256, 10, 238, 42, 197, 194, 80, 113, 103, 66, 168, 47, 55, 175, 17, 40, 127, 24, 259, 226, 136, 176, 233, 75, 162, 59, 171, 181, 169, 6, 165, 37, 222, 85, 105, 132, 97, 51, 67, 32, 78, 201, 245, 147, 159, 134, 158, 60, 110, 109, 20, 29, 227, 41, 210, 178, 92, 255, 252, 111, 236, 23, 120, 22, 44, 199, 251, 200, 179, 161, 45, 187, 93, 46, 216, 63, 180, 152, 160, 7, 164, 140, 172, 74, 104, 141, 25, 246, 208]'
gil262,WangLeiAlgorithm,2417,514.9966021999717,'[241, 225, 256, 56, 242, 38, 39, 122, 223, 43, 82, 157, 249, 62, 237, 177, 69, 224, 163, 250, 64, 125, 193, 101, 253, 114, 148, 26, 230, 9, 153, 13, 167, 89, 248, 121, 106, 189, 220, 36, 183, 150, 58, 170, 2, 195, 27, 261, 173, 217, 83, 206, 65, 228, 53, 124, 257, 137, 18, 30, 54, 204, 198, 73, 96, 207, 166, 72, 185, 19, 79, 262, 191, 5, 133, 12, 49, 211, 90, 61, 130, 129, 221, 205, 31, 71, 229, 1, 139, 202, 231, 232, 142, 68, 234, 254, 33, 138, 21, 186, 172, 140, 7, 160, 164, 4, 81, 100, 145, 115, 209, 99, 70, 244, 108, 155, 76, 154, 87, 188, 258, 34, 95, 182, 28, 156, 260, 35, 239, 144, 192, 184, 218, 119, 94, 151, 86, 149, 247, 88, 50, 77, 91, 93, 46, 216, 63, 180, 152, 200, 179, 161, 187, 45, 212, 107, 240, 117, 98, 14, 143, 174, 196, 111, 236, 23, 48, 128, 120, 22, 44, 199, 251, 208, 246, 25, 141, 74, 104, 126, 116, 215, 213, 112, 190, 8, 123, 118, 3, 135, 146, 84, 16, 243, 6, 37, 165, 222, 85, 105, 252, 255, 92, 178, 210, 41, 110, 60, 158, 20, 109, 227, 29, 97, 132, 169, 181, 171, 59, 162, 75, 52, 219, 15, 102, 233, 176, 136, 226, 32, 78, 201, 67, 51, 134, 159, 147, 245, 127, 40, 24, 17, 259, 175, 55, 47, 168, 66, 103, 113, 80, 194, 197, 42, 10, 238, 131, 214, 57, 203, 11, 235]'
gil262,GreedyNearestNeighbor,3044,0.011966100079007447,'[34, 95, 182, 28, 156, 260, 239, 35, 119, 218, 184, 192, 144, 46, 216, 63, 180, 152, 200, 179, 161, 93, 187, 45, 128, 48, 23, 236, 111, 196, 174, 143, 14, 98, 240, 117, 107, 212, 77, 91, 50, 88, 151, 94, 86, 149, 247, 120, 22, 44, 199, 251, 208, 246, 25, 141, 104, 74, 215, 126, 116, 3, 118, 123, 8, 190, 112, 213, 96, 73, 198, 204, 54, 18, 30, 137, 257, 124, 49, 12, 133, 5, 191, 262, 79, 19, 185, 72, 33, 254, 234, 68, 142, 232, 70, 99, 108, 244, 115, 145, 100, 21, 138, 209, 186, 81, 4, 258, 188, 87, 154, 76, 155, 202, 139, 231, 71, 229, 1, 31, 205, 221, 129, 61, 90, 211, 130, 53, 228, 65, 206, 83, 217, 195, 2, 170, 148, 26, 9, 153, 230, 58, 183, 150, 36, 220, 189, 248, 121, 89, 167, 13, 114, 253, 101, 193, 64, 125, 163, 224, 82, 157, 249, 62, 237, 177, 69, 250, 27, 261, 173, 207, 166, 172, 140, 164, 7, 160, 37, 165, 6, 243, 16, 84, 135, 146, 122, 223, 43, 225, 241, 11, 235, 214, 131, 57, 203, 238, 10, 42, 197, 194, 80, 113, 103, 168, 47, 55, 175, 259, 78, 32, 201, 67, 51, 134, 158, 60, 110, 109, 20, 227, 29, 97, 132, 105, 85, 222, 169, 181, 171, 162, 75, 59, 219, 15, 102, 39, 38, 242, 56, 256, 66, 17, 40, 24, 245, 147, 127, 159, 41, 210, 178, 92, 255, 252, 52, 233, 176, 136, 226, 106]'
gil262,GeneticAlgorithm,2414,438.2247094999766,'[1, 139, 202, 231, 68, 142, 232, 70, 99, 244, 108, 155, 76, 154, 87, 188, 258, 95, 34, 182, 28, 156, 260, 35, 239, 144, 192, 184, 218, 119, 94, 151, 86, 149, 247, 88, 50, 91, 77, 212, 107, 240, 117, 98, 14, 143, 174, 196, 48, 128, 179, 161, 45, 187, 93, 46, 216, 63, 200, 180, 152, 208, 251, 199, 44, 22, 120, 23, 236, 111, 252, 255, 92, 178, 210, 41, 110, 60, 158, 20, 109, 227, 29, 97, 132, 105, 85, 222, 37, 165, 6, 169, 181, 171, 59, 162, 75, 219, 233, 176, 136, 226, 32, 78, 201, 67, 51, 134, 159, 147, 245, 127, 40, 24, 17, 259, 175, 55, 47, 168, 66, 103, 113, 80, 194, 197, 42, 10, 238, 131, 214, 203, 57, 11, 241, 235, 82, 224, 64, 125, 250, 163, 69, 177, 237, 62, 249, 157, 43, 122, 223, 225, 256, 56, 242, 38, 39, 102, 15, 52, 243, 16, 84, 146, 135, 123, 118, 3, 8, 190, 112, 96, 73, 198, 204, 54, 173, 261, 27, 195, 2, 170, 148, 114, 253, 193, 101, 13, 167, 89, 248, 121, 106, 189, 153, 9, 26, 230, 58, 183, 150, 220, 36, 217, 83, 206, 65, 228, 53, 124, 257, 137, 18, 30, 207, 166, 213, 215, 116, 126, 104, 74, 141, 25, 246, 7, 160, 164, 140, 172, 186, 81, 4, 115, 145, 100, 21, 138, 209, 254, 234, 33, 72, 185, 19, 79, 262, 191, 5, 133, 12, 49, 130, 61, 211, 90, 129, 221, 205, 31, 71, 229]'
gil262,SimulatedAnnealing,2638,73.1376485999208,'[17, 24, 40, 127, 245, 147, 159, 134, 51, 29, 227, 109, 20, 158, 60, 110, 41, 210, 178, 92, 252, 255, 117, 240, 98, 14, 107, 212, 247, 86, 149, 94, 151, 88, 50, 77, 91, 45, 187, 93, 46, 216, 63, 180, 152, 200, 179, 161, 128, 143, 174, 196, 48, 23, 236, 111, 222, 85, 105, 169, 52, 16, 243, 6, 165, 37, 44, 120, 22, 199, 251, 208, 246, 25, 141, 126, 116, 3, 118, 123, 8, 190, 135, 84, 146, 122, 43, 223, 38, 242, 225, 241, 11, 235, 82, 157, 249, 62, 237, 177, 69, 224, 163, 250, 204, 198, 73, 207, 166, 96, 112, 213, 215, 104, 74, 140, 164, 7, 160, 144, 192, 184, 218, 119, 239, 35, 260, 156, 28, 182, 34, 95, 258, 188, 87, 154, 115, 145, 100, 4, 81, 186, 172, 72, 185, 19, 262, 79, 33, 234, 254, 21, 138, 209, 99, 70, 108, 244, 76, 155, 232, 142, 68, 231, 202, 139, 1, 229, 71, 31, 205, 221, 129, 90, 211, 61, 130, 49, 12, 133, 5, 191, 30, 54, 261, 27, 173, 137, 18, 257, 124, 53, 228, 65, 206, 83, 217, 36, 220, 150, 183, 58, 230, 248, 189, 106, 121, 89, 167, 13, 153, 9, 26, 148, 114, 101, 193, 253, 170, 2, 195, 125, 64, 203, 57, 214, 131, 238, 10, 256, 56, 176, 233, 39, 102, 15, 219, 136, 226, 59, 75, 162, 181, 171, 132, 97, 67, 201, 32, 78, 259, 175, 47, 66, 80, 42, 197, 194, 113, 103, 168, 55]'
gil262,WangLeiAlgorithm,2423,565.5726828000043,'[132, 105, 85, 222, 165, 6, 37, 44, 199, 251, 208, 246, 25, 141, 74, 104, 126, 116, 215, 213, 112, 190, 8, 123, 118, 3, 135, 146, 84, 16, 243, 52, 169, 181, 171, 59, 162, 75, 219, 15, 102, 233, 176, 136, 226, 32, 78, 201, 67, 51, 134, 159, 147, 245, 127, 40, 24, 17, 259, 175, 55, 47, 168, 66, 103, 113, 80, 194, 197, 42, 10, 238, 131, 57, 203, 214, 256, 56, 242, 38, 39, 122, 223, 43, 225, 241, 11, 235, 82, 157, 249, 62, 237, 177, 69, 250, 163, 224, 64, 125, 193, 101, 253, 114, 2, 170, 230, 148, 26, 9, 153, 13, 167, 89, 248, 121, 106, 189, 150, 58, 183, 36, 220, 65, 206, 83, 217, 195, 27, 261, 173, 54, 204, 198, 73, 96, 207, 166, 72, 185, 19, 79, 262, 5, 133, 191, 30, 18, 137, 257, 228, 53, 124, 12, 49, 130, 61, 90, 211, 129, 221, 205, 31, 71, 229, 1, 139, 202, 231, 68, 142, 232, 70, 99, 244, 108, 155, 76, 154, 115, 4, 81, 100, 145, 209, 254, 234, 33, 138, 21, 186, 172, 140, 164, 7, 160, 258, 188, 87, 34, 95, 182, 28, 156, 260, 35, 239, 144, 192, 184, 218, 119, 94, 151, 86, 149, 247, 88, 50, 91, 77, 212, 45, 187, 93, 161, 179, 46, 216, 63, 180, 152, 200, 22, 120, 23, 236, 111, 196, 48, 128, 174, 143, 14, 107, 98, 240, 117, 255, 252, 92, 178, 210, 41, 110, 60, 158, 109, 20, 227, 29, 97]'
gil262,GreedyNearestNeighbor,3004,0.008092000032775104,'[10, 238, 131, 214, 57, 203, 11, 241, 235, 82, 157, 249, 62, 237, 177, 69, 163, 224, 64, 125, 195, 2, 170, 148, 26, 9, 153, 230, 58, 183, 150, 36, 220, 83, 206, 65, 228, 53, 124, 257, 137, 18, 30, 54, 204, 198, 73, 96, 112, 213, 215, 126, 116, 104, 74, 141, 25, 246, 208, 251, 199, 44, 22, 120, 23, 236, 111, 196, 48, 174, 143, 14, 98, 240, 117, 107, 45, 187, 93, 46, 216, 63, 180, 152, 200, 179, 161, 128, 252, 255, 92, 178, 210, 41, 110, 60, 20, 109, 227, 29, 97, 132, 105, 85, 222, 165, 6, 243, 16, 84, 135, 146, 122, 223, 43, 225, 242, 38, 39, 102, 15, 219, 75, 162, 59, 171, 181, 169, 52, 233, 176, 136, 226, 32, 78, 201, 67, 51, 134, 158, 159, 147, 245, 24, 40, 127, 17, 55, 47, 168, 66, 113, 103, 80, 194, 197, 42, 256, 56, 175, 259, 118, 123, 3, 8, 190, 250, 27, 261, 173, 217, 114, 253, 101, 193, 13, 167, 89, 248, 121, 189, 106, 49, 12, 133, 5, 191, 262, 79, 19, 185, 72, 33, 254, 234, 142, 68, 232, 70, 99, 108, 244, 209, 145, 115, 100, 21, 138, 186, 81, 4, 258, 188, 95, 34, 182, 28, 156, 260, 239, 35, 119, 218, 184, 192, 144, 91, 77, 50, 88, 151, 94, 86, 149, 247, 212, 37, 7, 160, 164, 140, 172, 166, 207, 211, 90, 61, 129, 221, 130, 205, 31, 71, 229, 1, 139, 202, 231, 155, 76, 154, 87]'
gil262,GeneticAlgorithm,2396,465.99721750000026,'[1, 139, 202, 231, 68, 142, 232, 70, 99, 244, 108, 155, 76, 154, 87, 188, 258, 95, 34, 182, 28, 156, 260, 35, 239, 144, 192, 184, 218, 119, 94, 151, 86, 149, 247, 88, 50, 91, 77, 212, 107, 240, 117, 98, 14, 143, 174, 196, 48, 128, 45, 187, 93, 46, 161, 179, 200, 63, 216, 180, 152, 208, 251, 199, 44, 22, 120, 23, 236, 111, 252, 255, 92, 178, 210, 41, 110, 60, 158, 109, 20, 227, 29, 97, 132, 105, 85, 222, 37, 165, 6, 169, 181, 171, 59, 162, 75, 219, 233, 176, 136, 226, 32, 78, 201, 67, 51, 134, 159, 147, 245, 127, 40, 24, 17, 259, 175, 55, 47, 168, 66, 103, 113, 80, 194, 197, 42, 10, 238, 131, 214, 57, 203, 101, 193, 125, 64, 250, 163, 224, 69, 177, 237, 62, 249, 157, 82, 235, 11, 241, 225, 43, 223, 122, 242, 256, 56, 38, 39, 102, 15, 52, 243, 16, 84, 146, 135, 123, 118, 3, 8, 190, 112, 96, 73, 198, 204, 54, 173, 261, 27, 195, 2, 170, 253, 114, 148, 26, 230, 9, 153, 13, 167, 89, 248, 121, 106, 189, 58, 183, 150, 220, 36, 217, 83, 206, 65, 228, 53, 124, 257, 137, 18, 30, 207, 166, 213, 215, 116, 126, 104, 74, 141, 25, 246, 7, 160, 164, 140, 172, 186, 81, 4, 115, 145, 100, 21, 138, 209, 254, 234, 33, 72, 185, 19, 79, 262, 191, 5, 133, 12, 49, 130, 61, 211, 90, 129, 221, 205, 31, 71, 229]'
gil262,SimulatedAnnealing,2692,73.70343979995232,'[147, 85, 222, 165, 6, 37, 44, 199, 200, 179, 128, 161, 46, 216, 63, 180, 152, 156, 260, 35, 239, 144, 192, 184, 218, 119, 149, 86, 94, 151, 247, 88, 50, 77, 91, 93, 187, 45, 212, 107, 240, 117, 98, 14, 143, 174, 196, 48, 23, 120, 22, 236, 111, 252, 255, 105, 92, 178, 210, 41, 110, 60, 109, 20, 227, 29, 97, 132, 169, 181, 171, 59, 162, 75, 52, 243, 16, 3, 135, 84, 146, 237, 62, 249, 157, 82, 224, 163, 69, 177, 123, 118, 8, 190, 112, 96, 213, 215, 116, 126, 104, 74, 141, 25, 251, 208, 246, 7, 160, 28, 182, 95, 34, 258, 188, 87, 154, 76, 155, 108, 244, 70, 99, 209, 138, 21, 100, 145, 115, 4, 81, 186, 164, 140, 172, 72, 185, 19, 33, 254, 234, 68, 142, 232, 231, 202, 139, 1, 229, 71, 31, 205, 221, 129, 90, 211, 61, 130, 124, 53, 228, 173, 261, 54, 30, 18, 137, 257, 49, 12, 133, 5, 79, 262, 191, 166, 207, 73, 198, 204, 250, 64, 125, 195, 27, 217, 83, 206, 65, 36, 220, 106, 121, 248, 189, 150, 183, 58, 2, 170, 230, 26, 9, 153, 89, 167, 13, 148, 114, 253, 101, 193, 203, 57, 214, 131, 238, 10, 42, 197, 194, 80, 66, 113, 103, 168, 47, 55, 17, 259, 175, 56, 256, 242, 11, 235, 241, 225, 223, 43, 122, 38, 39, 102, 15, 219, 233, 176, 136, 226, 32, 78, 201, 67, 51, 158, 134, 159, 127, 40, 24, 245]'
gil262,WangLeiAlgorithm,2413,442.46264320006594,'[70, 232, 142, 68, 231, 202, 139, 1, 229, 71, 31, 205, 221, 129, 130, 61, 90, 211, 49, 12, 133, 5, 191, 262, 79, 19, 185, 72, 33, 234, 254, 209, 138, 21, 100, 145, 115, 4, 81, 186, 172, 140, 164, 7, 160, 246, 25, 141, 104, 74, 215, 126, 116, 3, 118, 123, 8, 190, 112, 213, 96, 166, 207, 73, 198, 204, 54, 30, 18, 137, 257, 124, 53, 228, 65, 206, 83, 217, 173, 261, 27, 195, 2, 170, 230, 58, 150, 183, 36, 220, 189, 106, 121, 248, 89, 167, 13, 153, 9, 26, 148, 114, 253, 101, 193, 125, 64, 250, 163, 224, 69, 177, 237, 62, 249, 157, 82, 235, 11, 241, 225, 43, 223, 122, 38, 242, 56, 256, 214, 203, 57, 131, 238, 10, 42, 197, 194, 80, 113, 103, 66, 168, 47, 55, 175, 259, 17, 24, 40, 127, 245, 147, 159, 134, 51, 67, 201, 78, 32, 226, 136, 176, 233, 39, 102, 15, 219, 75, 162, 59, 171, 181, 169, 52, 84, 146, 135, 16, 243, 6, 165, 37, 44, 199, 251, 208, 152, 180, 63, 216, 46, 161, 179, 200, 22, 120, 236, 23, 48, 128, 143, 174, 196, 111, 255, 252, 222, 85, 105, 132, 97, 29, 227, 20, 109, 158, 60, 110, 41, 210, 178, 92, 117, 240, 98, 14, 107, 212, 45, 187, 93, 91, 77, 50, 88, 247, 149, 86, 151, 94, 119, 218, 184, 192, 144, 239, 35, 260, 156, 28, 182, 95, 34, 258, 188, 87, 154, 76, 155, 108, 244, 99]'
gil262,GreedyNearestNeighbor,2881,0.008229700033552945,'[146, 135, 84, 16, 243, 6, 165, 37, 44, 199, 251, 208, 246, 25, 141, 104, 74, 215, 126, 116, 3, 118, 123, 8, 190, 112, 213, 96, 73, 198, 204, 54, 18, 30, 137, 257, 124, 49, 12, 133, 5, 191, 262, 79, 19, 185, 72, 33, 254, 234, 68, 142, 232, 70, 99, 108, 244, 115, 145, 100, 21, 138, 209, 186, 81, 4, 258, 188, 95, 34, 182, 28, 156, 260, 239, 35, 119, 218, 184, 192, 144, 46, 216, 63, 180, 152, 200, 179, 161, 93, 187, 45, 128, 48, 23, 236, 111, 196, 174, 143, 14, 98, 240, 117, 107, 212, 77, 91, 50, 88, 151, 94, 86, 149, 247, 120, 22, 252, 255, 92, 178, 210, 41, 110, 60, 20, 109, 227, 29, 97, 132, 105, 85, 222, 169, 181, 171, 162, 75, 59, 219, 15, 102, 39, 38, 242, 56, 256, 10, 238, 131, 214, 57, 203, 11, 241, 235, 82, 157, 249, 62, 237, 177, 69, 163, 224, 64, 125, 195, 2, 170, 148, 26, 9, 153, 230, 58, 183, 150, 36, 220, 83, 206, 65, 228, 53, 130, 129, 221, 61, 90, 211, 205, 31, 71, 229, 1, 139, 202, 231, 155, 76, 154, 87, 164, 7, 160, 140, 172, 166, 207, 261, 27, 173, 217, 114, 253, 101, 193, 225, 223, 43, 122, 233, 176, 136, 226, 32, 78, 201, 67, 51, 134, 158, 159, 147, 245, 24, 40, 127, 17, 55, 47, 168, 66, 113, 103, 194, 80, 197, 42, 175, 259, 52, 250, 13, 167, 89, 248, 121, 189, 106]'
gil262,GeneticAlgorithm,2414,428.36187179991975,'[1, 139, 202, 231, 68, 142, 232, 70, 99, 244, 108, 155, 76, 154, 87, 188, 258, 34, 95, 182, 28, 156, 260, 35, 239, 144, 192, 184, 218, 119, 94, 151, 86, 149, 247, 88, 50, 91, 77, 212, 107, 240, 117, 98, 14, 143, 174, 196, 48, 128, 179, 161, 45, 187, 93, 46, 216, 63, 200, 180, 152, 208, 251, 199, 44, 22, 120, 23, 236, 111, 252, 255, 92, 178, 210, 41, 110, 60, 158, 109, 20, 227, 29, 97, 132, 105, 85, 222, 165, 37, 6, 169, 181, 171, 59, 162, 75, 219, 233, 176, 136, 226, 32, 78, 201, 67, 51, 134, 159, 147, 245, 127, 40, 24, 17, 259, 175, 55, 47, 168, 66, 103, 113, 80, 194, 197, 42, 10, 238, 131, 214, 203, 57, 11, 241, 235, 82, 224, 64, 125, 250, 163, 69, 177, 237, 62, 249, 157, 43, 122, 223, 225, 256, 56, 242, 38, 39, 102, 15, 52, 243, 16, 84, 146, 135, 123, 118, 3, 8, 190, 112, 96, 73, 198, 204, 54, 173, 261, 27, 195, 2, 170, 148, 114, 253, 193, 101, 13, 167, 89, 248, 121, 106, 189, 153, 9, 26, 230, 58, 183, 150, 220, 36, 217, 83, 206, 65, 228, 53, 124, 257, 137, 18, 30, 207, 166, 213, 215, 116, 126, 104, 74, 141, 25, 246, 7, 160, 164, 140, 172, 186, 81, 4, 115, 145, 100, 21, 138, 209, 254, 234, 33, 72, 185, 19, 79, 262, 191, 5, 133, 12, 49, 130, 61, 90, 211, 129, 221, 205, 31, 71, 229]'
lin105,ChristofidesSerdyukov,16487,0.04244230000767857,'[1, 2, 3, 8, 9, 5, 4, 13, 14, 34, 35, 38, 39, 37, 36, 26, 25, 18, 17, 16, 19, 24, 27, 23, 28, 33, 104, 40, 45, 48, 50, 55, 56, 59, 105, 62, 69, 64, 67, 68, 71, 78, 82, 83, 84, 79, 86, 90, 89, 81, 75, 74, 70, 73, 80, 76, 72, 77, 85, 91, 92, 102, 101, 97, 96, 93, 98, 99, 100, 95, 94, 88, 87, 66, 65, 61, 60, 63, 58, 53, 52, 46, 43, 42, 41, 44, 57, 54, 51, 47, 49, 32, 31, 30, 29, 22, 21, 103, 20, 12, 15, 11, 10, 7, 6]'
lin105,2-OPT,15771,0.36998529999982566,'[1, 2, 6, 7, 10, 11, 15, 12, 20, 103, 21, 22, 29, 30, 31, 32, 40, 49, 59, 105, 62, 70, 74, 75, 81, 90, 89, 86, 80, 76, 73, 69, 64, 67, 68, 71, 78, 82, 72, 77, 79, 84, 83, 85, 91, 92, 96, 97, 101, 102, 93, 98, 99, 100, 95, 94, 88, 87, 66, 65, 60, 61, 63, 58, 53, 52, 46, 43, 42, 41, 44, 47, 51, 54, 57, 56, 55, 50, 48, 45, 104, 33, 28, 23, 27, 24, 19, 16, 17, 18, 25, 26, 36, 37, 39, 38, 35, 34, 14, 13, 4, 5, 9, 8, 3]'
lin105,SimulatedAnnealing,15269,28.316403100034222,'[37, 60, 61, 65, 66, 87, 88, 94, 95, 100, 99, 98, 90, 89, 81, 75, 74, 70, 69, 73, 76, 80, 72, 77, 79, 86, 93, 102, 101, 97, 96, 92, 91, 85, 84, 83, 82, 78, 71, 68, 67, 64, 62, 63, 58, 53, 52, 46, 43, 42, 41, 44, 47, 51, 54, 57, 105, 59, 56, 55, 50, 48, 45, 49, 40, 104, 33, 27, 24, 19, 26, 25, 18, 17, 16, 12, 20, 23, 28, 30, 31, 32, 29, 22, 21, 103, 15, 11, 10, 7, 6, 2, 1, 3, 8, 9, 5, 4, 13, 14, 34, 35, 38, 39, 36]'
lin105,WangLeiAlgorithm,14401,44.50170640007127,'[104, 36, 37, 26, 25, 18, 17, 16, 27, 24, 19, 12, 20, 23, 28, 33, 32, 31, 30, 29, 22, 21, 103, 15, 11, 10, 7, 6, 2, 1, 3, 8, 9, 5, 4, 13, 14, 34, 35, 38, 39, 60, 61, 65, 66, 87, 88, 94, 95, 100, 99, 98, 90, 89, 93, 102, 101, 97, 96, 92, 91, 85, 84, 83, 82, 78, 71, 68, 67, 64, 72, 77, 79, 86, 80, 76, 73, 81, 75, 74, 69, 70, 63, 62, 58, 53, 52, 46, 43, 42, 41, 44, 47, 51, 54, 57, 105, 59, 56, 55, 50, 48, 45, 49, 40]'
lin105,GreedyNearestNeighbor,20068,0.0014648999786004424,'[15, 103, 21, 22, 29, 30, 31, 32, 28, 23, 20, 19, 24, 27, 26, 25, 18, 16, 17, 9, 8, 3, 2, 1, 6, 7, 10, 11, 12, 33, 36, 37, 42, 43, 46, 52, 53, 58, 57, 54, 51, 47, 44, 41, 104, 40, 45, 48, 50, 55, 56, 59, 105, 62, 63, 70, 74, 75, 81, 69, 73, 76, 80, 79, 77, 72, 68, 67, 71, 78, 82, 83, 84, 85, 86, 89, 90, 99, 98, 93, 92, 91, 96, 97, 101, 102, 64, 49, 39, 38, 35, 34, 14, 13, 5, 4, 60, 61, 65, 66, 87, 88, 94, 95, 100]'
lin105,GeneticAlgorithm,14426,154.7883143000072,'[1, 2, 6, 7, 10, 11, 15, 21, 22, 29, 103, 12, 20, 23, 28, 30, 31, 32, 33, 27, 24, 19, 16, 17, 18, 25, 26, 36, 37, 42, 41, 43, 46, 52, 53, 58, 57, 54, 51, 47, 44, 104, 40, 49, 45, 48, 50, 55, 56, 59, 105, 62, 63, 70, 69, 74, 75, 81, 73, 76, 80, 86, 79, 77, 72, 64, 67, 68, 71, 78, 82, 83, 84, 85, 91, 92, 96, 97, 101, 102, 93, 89, 90, 98, 99, 100, 95, 94, 88, 87, 66, 65, 61, 60, 39, 38, 35, 34, 14, 13, 4, 5, 9, 8, 3]'
lin105,SimulatedAnnealing,15285,28.401170399971306,'[85, 71, 68, 67, 72, 77, 79, 78, 82, 83, 84, 86, 80, 76, 73, 81, 75, 74, 70, 69, 64, 105, 59, 56, 55, 50, 48, 45, 49, 40, 104, 44, 47, 41, 37, 36, 33, 27, 24, 19, 26, 25, 18, 17, 16, 12, 20, 23, 28, 30, 31, 32, 29, 22, 21, 103, 15, 11, 10, 7, 6, 2, 1, 3, 8, 9, 5, 4, 13, 14, 34, 35, 38, 39, 42, 43, 46, 52, 53, 58, 51, 54, 57, 62, 63, 61, 60, 65, 66, 87, 88, 94, 95, 100, 99, 98, 90, 89, 93, 102, 101, 97, 96, 92, 91]'
lin105,WangLeiAlgorithm,14411,49.36454700003378,'[96, 97, 101, 102, 93, 89, 90, 98, 99, 100, 95, 94, 88, 87, 66, 65, 61, 60, 39, 38, 35, 34, 14, 13, 4, 5, 9, 8, 3, 1, 2, 6, 7, 10, 11, 15, 103, 21, 22, 29, 30, 31, 32, 33, 28, 23, 20, 12, 19, 24, 27, 16, 17, 18, 25, 26, 36, 37, 42, 41, 43, 46, 52, 53, 58, 57, 54, 51, 47, 44, 104, 40, 45, 49, 48, 50, 55, 56, 59, 105, 62, 63, 70, 69, 74, 75, 81, 73, 76, 80, 86, 79, 77, 72, 64, 67, 68, 71, 78, 82, 83, 84, 85, 91, 92]'
lin105,GreedyNearestNeighbor,19177,0.001541699981316924,'[37, 36, 26, 25, 18, 16, 17, 19, 24, 27, 28, 23, 20, 103, 21, 22, 29, 30, 31, 32, 33, 104, 40, 45, 48, 50, 55, 56, 59, 105, 57, 54, 51, 47, 44, 41, 43, 46, 52, 53, 58, 62, 63, 70, 74, 75, 81, 69, 73, 76, 80, 79, 77, 72, 68, 67, 71, 78, 82, 83, 84, 85, 86, 89, 90, 99, 98, 93, 92, 91, 96, 97, 101, 102, 64, 49, 42, 39, 38, 35, 34, 14, 13, 5, 4, 9, 8, 3, 2, 1, 6, 7, 10, 11, 15, 12, 61, 60, 65, 66, 87, 88, 94, 95, 100]'
lin105,GeneticAlgorithm,14781,140.63767349999398,'[1, 2, 6, 7, 10, 11, 15, 103, 21, 22, 29, 30, 31, 32, 40, 49, 45, 48, 50, 55, 56, 59, 105, 57, 54, 51, 47, 44, 104, 33, 28, 23, 20, 12, 19, 24, 27, 16, 17, 18, 25, 26, 36, 37, 42, 41, 43, 46, 52, 53, 58, 62, 63, 70, 69, 74, 75, 81, 73, 76, 80, 86, 79, 77, 72, 64, 67, 68, 71, 78, 82, 83, 84, 85, 91, 92, 96, 97, 101, 102, 93, 89, 90, 98, 99, 100, 95, 94, 88, 87, 66, 65, 61, 60, 39, 38, 35, 34, 14, 13, 4, 5, 9, 8, 3]'
lin105,SimulatedAnnealing,14464,28.439303299994208,'[15, 103, 21, 22, 29, 32, 31, 30, 20, 23, 28, 33, 27, 24, 19, 16, 17, 18, 25, 26, 37, 36, 104, 40, 49, 45, 48, 50, 55, 56, 59, 105, 57, 54, 51, 47, 44, 41, 42, 43, 46, 52, 53, 58, 62, 63, 70, 69, 74, 75, 81, 73, 76, 80, 86, 79, 77, 72, 64, 67, 68, 71, 78, 82, 83, 84, 85, 91, 92, 96, 97, 101, 102, 93, 89, 90, 98, 99, 100, 95, 94, 88, 87, 66, 65, 61, 60, 39, 38, 35, 34, 14, 13, 4, 5, 9, 8, 12, 3, 1, 2, 6, 7, 10, 11]'
lin105,WangLeiAlgorithm,14401,42.96996939997189,'[92, 91, 85, 84, 83, 82, 78, 71, 68, 67, 64, 72, 77, 79, 86, 80, 76, 73, 81, 75, 74, 69, 70, 63, 62, 58, 53, 52, 46, 43, 42, 41, 44, 47, 51, 54, 57, 105, 59, 56, 55, 50, 48, 45, 49, 40, 104, 36, 37, 26, 25, 18, 17, 16, 27, 24, 19, 12, 20, 23, 28, 33, 32, 31, 30, 29, 22, 21, 103, 15, 11, 10, 7, 6, 2, 1, 3, 8, 9, 5, 4, 13, 14, 34, 35, 38, 39, 60, 61, 65, 66, 87, 88, 94, 95, 100, 99, 98, 90, 89, 93, 102, 101, 97, 96]'
lin105,GreedyNearestNeighbor,17473,0.001624500029720366,'[84, 83, 82, 78, 71, 68, 67, 72, 77, 79, 86, 80, 76, 73, 69, 74, 75, 81, 70, 63, 62, 105, 56, 55, 50, 48, 45, 40, 49, 59, 57, 54, 51, 47, 44, 41, 43, 46, 52, 53, 58, 42, 37, 36, 26, 25, 18, 16, 17, 19, 24, 27, 28, 23, 20, 103, 21, 22, 29, 30, 31, 32, 33, 104, 15, 11, 10, 7, 6, 2, 1, 3, 8, 9, 12, 14, 13, 5, 4, 34, 35, 38, 39, 60, 61, 65, 66, 87, 88, 94, 95, 100, 99, 98, 93, 92, 91, 96, 97, 101, 102, 85, 64, 89, 90]'
lin105,GeneticAlgorithm,14379,147.50195740000345,'[1, 2, 6, 7, 10, 11, 15, 103, 21, 22, 29, 30, 31, 32, 33, 28, 23, 20, 12, 19, 24, 27, 16, 17, 18, 25, 26, 36, 37, 42, 41, 43, 46, 52, 53, 58, 57, 54, 51, 47, 44, 104, 40, 49, 45, 48, 50, 55, 56, 59, 105, 62, 63, 70, 69, 74, 75, 81, 73, 76, 80, 86, 79, 77, 72, 64, 67, 68, 71, 78, 82, 83, 84, 85, 91, 92, 96, 97, 101, 102, 93, 89, 90, 98, 99, 100, 95, 94, 88, 87, 66, 65, 61, 60, 39, 38, 35, 34, 14, 13, 4, 5, 9, 8, 3]'
lin105,SimulatedAnnealing,15112,28.271370099973865,'[51, 58, 53, 52, 46, 43, 41, 42, 36, 37, 39, 38, 35, 34, 14, 13, 4, 5, 9, 8, 3, 1, 2, 6, 7, 10, 11, 15, 12, 16, 17, 18, 25, 26, 27, 24, 19, 28, 23, 20, 103, 21, 22, 29, 30, 31, 32, 33, 104, 40, 49, 45, 48, 50, 55, 56, 59, 105, 64, 67, 68, 71, 78, 82, 83, 85, 84, 72, 77, 79, 86, 80, 76, 73, 69, 70, 74, 75, 81, 90, 89, 93, 91, 92, 96, 97, 101, 102, 98, 99, 100, 95, 94, 88, 87, 66, 65, 60, 61, 63, 62, 57, 54, 47, 44]'
lin105,WangLeiAlgorithm,14379,42.69893209997099,'[9, 5, 4, 13, 14, 34, 35, 38, 39, 60, 61, 65, 66, 87, 88, 94, 95, 100, 99, 98, 90, 89, 93, 102, 101, 97, 96, 92, 91, 85, 84, 83, 82, 78, 71, 68, 67, 64, 72, 77, 79, 86, 80, 76, 73, 81, 75, 74, 69, 70, 63, 62, 105, 59, 56, 55, 50, 48, 45, 49, 40, 104, 44, 47, 51, 54, 57, 58, 53, 52, 46, 43, 41, 42, 37, 36, 26, 25, 18, 17, 16, 27, 24, 19, 12, 20, 23, 28, 33, 32, 31, 30, 29, 22, 21, 103, 15, 11, 10, 7, 6, 2, 1, 3, 8]'
lin105,GreedyNearestNeighbor,19449,0.0016491999849677086,'[34, 35, 38, 39, 42, 43, 46, 52, 53, 58, 57, 54, 51, 47, 44, 41, 104, 40, 45, 48, 50, 55, 56, 59, 105, 62, 63, 70, 74, 75, 81, 69, 73, 76, 80, 79, 77, 72, 68, 67, 71, 78, 82, 83, 84, 85, 86, 89, 90, 99, 98, 93, 92, 91, 96, 97, 101, 102, 64, 49, 32, 31, 30, 29, 22, 21, 103, 20, 23, 28, 33, 27, 24, 19, 16, 18, 25, 26, 17, 9, 8, 3, 2, 1, 6, 7, 10, 11, 15, 12, 36, 37, 14, 13, 5, 4, 60, 61, 65, 66, 87, 88, 94, 95, 100]'
lin105,GeneticAlgorithm,14401,139.89399290003348,'[1, 2, 6, 7, 10, 11, 15, 103, 21, 22, 29, 30, 31, 32, 33, 28, 23, 20, 12, 19, 24, 27, 16, 17, 18, 25, 26, 37, 36, 104, 40, 49, 45, 48, 50, 55, 56, 59, 105, 57, 54, 51, 47, 44, 41, 42, 43, 46, 52, 53, 58, 62, 63, 70, 69, 74, 75, 81, 73, 76, 80, 86, 79, 77, 72, 64, 67, 68, 71, 78, 82, 83, 84, 85, 91, 92, 96, 97, 101, 102, 93, 89, 90, 98, 99, 100, 95, 94, 88, 87, 66, 65, 61, 60, 39, 38, 35, 34, 14, 13, 4, 5, 9, 8, 3]'
lin105,SimulatedAnnealing,15788,28.115808099973947,'[105, 64, 72, 77, 79, 73, 76, 80, 86, 89, 90, 81, 75, 74, 69, 70, 63, 62, 58, 53, 52, 46, 43, 41, 44, 47, 51, 54, 57, 56, 55, 50, 48, 45, 49, 40, 104, 33, 32, 31, 30, 28, 23, 20, 103, 29, 22, 21, 15, 11, 10, 7, 6, 2, 1, 3, 8, 9, 12, 19, 24, 27, 26, 25, 18, 16, 17, 5, 4, 13, 14, 34, 35, 38, 39, 37, 36, 42, 60, 61, 65, 66, 87, 88, 94, 95, 100, 99, 98, 93, 102, 101, 97, 96, 92, 91, 85, 84, 83, 82, 78, 71, 68, 67, 59]'
lin105,WangLeiAlgorithm,14379,45.09100659994874,'[61, 60, 39, 38, 35, 34, 14, 13, 4, 5, 9, 8, 3, 1, 2, 6, 7, 10, 11, 15, 103, 21, 22, 29, 30, 31, 32, 33, 28, 23, 20, 12, 19, 24, 27, 16, 17, 18, 25, 26, 36, 37, 42, 41, 43, 46, 52, 53, 58, 57, 54, 51, 47, 44, 104, 40, 49, 45, 48, 50, 55, 56, 59, 105, 62, 63, 70, 69, 74, 75, 81, 73, 76, 80, 86, 79, 77, 72, 64, 67, 68, 71, 78, 82, 83, 84, 85, 91, 92, 96, 97, 101, 102, 93, 89, 90, 98, 99, 100, 95, 94, 88, 87, 66, 65]'
lin105,GreedyNearestNeighbor,19594,0.0015018000267446041,'[8, 9, 17, 18, 25, 26, 16, 19, 24, 27, 28, 23, 20, 103, 21, 22, 29, 30, 31, 32, 33, 36, 37, 42, 43, 46, 52, 53, 58, 57, 54, 51, 47, 44, 41, 104, 40, 45, 48, 50, 55, 56, 59, 105, 62, 63, 70, 74, 75, 81, 69, 73, 76, 80, 79, 77, 72, 68, 67, 71, 78, 82, 83, 84, 85, 86, 89, 90, 99, 98, 93, 92, 91, 96, 97, 101, 102, 64, 49, 15, 11, 10, 7, 6, 2, 1, 3, 12, 14, 13, 5, 4, 34, 35, 38, 39, 60, 61, 65, 66, 87, 88, 94, 95, 100]'
lin105,GeneticAlgorithm,15033,137.91717609995976,'[1, 2, 6, 7, 10, 11, 15, 12, 16, 17, 18, 25, 26, 27, 24, 19, 28, 23, 20, 103, 21, 22, 29, 30, 31, 32, 33, 104, 40, 49, 45, 48, 50, 55, 56, 59, 105, 62, 63, 70, 69, 74, 75, 81, 73, 76, 80, 86, 79, 77, 72, 64, 67, 68, 71, 78, 82, 83, 84, 85, 91, 92, 96, 97, 101, 102, 93, 89, 90, 98, 99, 100, 95, 94, 88, 87, 66, 65, 61, 60, 42, 43, 46, 52, 53, 58, 57, 54, 51, 47, 44, 41, 36, 37, 39, 38, 35, 34, 14, 13, 4, 5, 9, 8, 3]'
lin105,SimulatedAnnealing,14796,28.316260499996133,'[22, 21, 15, 11, 10, 7, 6, 2, 1, 3, 12, 8, 9, 5, 4, 13, 14, 34, 35, 38, 39, 60, 61, 65, 66, 87, 88, 94, 95, 100, 99, 98, 90, 89, 86, 93, 102, 101, 97, 96, 92, 91, 85, 84, 83, 82, 78, 71, 68, 67, 64, 72, 77, 79, 73, 76, 80, 81, 75, 74, 69, 70, 63, 62, 105, 59, 56, 55, 54, 57, 58, 53, 52, 46, 43, 42, 41, 44, 47, 51, 50, 48, 45, 49, 40, 104, 36, 37, 26, 25, 18, 17, 16, 19, 24, 27, 33, 32, 31, 30, 28, 23, 20, 103, 29]'
lin105,WangLeiAlgorithm,14379,45.09004789998289,'[74, 75, 81, 73, 76, 80, 86, 79, 77, 72, 64, 67, 68, 71, 78, 82, 83, 84, 85, 91, 92, 96, 97, 101, 102, 93, 89, 90, 98, 99, 100, 95, 94, 88, 87, 66, 65, 61, 60, 39, 38, 35, 34, 14, 13, 4, 5, 9, 8, 3, 1, 2, 6, 7, 10, 11, 15, 103, 21, 22, 29, 30, 31, 32, 33, 28, 23, 20, 12, 19, 24, 27, 16, 17, 18, 25, 26, 36, 37, 42, 41, 43, 46, 52, 53, 58, 57, 54, 51, 47, 44, 104, 40, 49, 45, 48, 50, 55, 56, 59, 105, 62, 63, 70, 69]'
lin105,GreedyNearestNeighbor,19443,0.0016416999278590083,'[35, 34, 38, 39, 42, 43, 46, 52, 53, 58, 57, 54, 51, 47, 44, 41, 104, 40, 45, 48, 50, 55, 56, 59, 105, 62, 63, 70, 74, 75, 81, 69, 73, 76, 80, 79, 77, 72, 68, 67, 71, 78, 82, 83, 84, 85, 86, 89, 90, 99, 98, 93, 92, 91, 96, 97, 101, 102, 64, 49, 32, 31, 30, 29, 22, 21, 103, 20, 23, 28, 33, 27, 24, 19, 16, 18, 25, 26, 17, 9, 8, 3, 2, 1, 6, 7, 10, 11, 15, 12, 36, 37, 14, 13, 5, 4, 60, 61, 65, 66, 87, 88, 94, 95, 100]'
lin105,GeneticAlgorithm,14379,152.60279390006326,'[1, 2, 6, 7, 10, 11, 15, 103, 21, 22, 29, 30, 31, 32, 33, 28, 23, 20, 12, 19, 24, 27, 16, 17, 18, 25, 26, 36, 37, 42, 41, 43, 46, 52, 53, 58, 57, 54, 51, 47, 44, 104, 40, 49, 45, 48, 50, 55, 56, 59, 105, 62, 63, 70, 69, 74, 75, 81, 73, 76, 80, 86, 79, 77, 72, 64, 67, 68, 71, 78, 82, 83, 84, 85, 91, 92, 96, 97, 101, 102, 93, 89, 90, 98, 99, 100, 95, 94, 88, 87, 66, 65, 61, 60, 39, 38, 35, 34, 14, 13, 4, 5, 9, 8, 3]'
lin105,SimulatedAnnealing,15101,28.48428370000329,'[31, 29, 22, 21, 103, 12, 15, 11, 10, 7, 6, 2, 1, 3, 8, 9, 17, 5, 4, 13, 14, 34, 35, 38, 39, 60, 61, 65, 66, 87, 88, 94, 95, 100, 99, 98, 90, 89, 93, 102, 101, 97, 96, 92, 91, 85, 84, 83, 82, 78, 71, 68, 67, 64, 72, 77, 79, 86, 80, 76, 73, 81, 75, 74, 69, 70, 63, 62, 105, 59, 56, 55, 50, 47, 51, 54, 57, 58, 53, 52, 46, 43, 42, 41, 44, 45, 48, 49, 40, 104, 33, 36, 37, 26, 25, 18, 16, 19, 24, 27, 20, 23, 28, 30, 32]'
lin105,WangLeiAlgorithm,14379,40.279060600092635,'[88, 94, 95, 100, 99, 98, 90, 89, 93, 102, 101, 97, 96, 92, 91, 85, 84, 83, 82, 78, 71, 68, 67, 64, 72, 77, 79, 86, 80, 76, 73, 81, 75, 74, 69, 70, 63, 62, 105, 59, 56, 55, 50, 48, 45, 49, 40, 104, 44, 47, 51, 54, 57, 58, 53, 52, 46, 43, 41, 42, 37, 36, 26, 25, 18, 17, 16, 27, 24, 19, 12, 20, 23, 28, 33, 32, 31, 30, 29, 22, 21, 103, 15, 11, 10, 7, 6, 2, 1, 3, 8, 9, 5, 4, 13, 14, 34, 35, 38, 39, 60, 61, 65, 66, 87]'
lin105,GreedyNearestNeighbor,18248,0.0017438000068068504,'[92, 91, 96, 97, 101, 102, 93, 98, 99, 90, 89, 81, 75, 74, 69, 70, 73, 76, 80, 79, 77, 72, 68, 67, 71, 78, 82, 83, 84, 85, 86, 64, 105, 56, 55, 50, 48, 45, 40, 49, 59, 57, 54, 51, 47, 44, 41, 43, 46, 52, 53, 58, 62, 63, 61, 60, 65, 66, 87, 88, 94, 95, 100, 39, 38, 35, 34, 14, 13, 5, 4, 9, 8, 3, 2, 1, 6, 7, 10, 11, 15, 103, 21, 22, 29, 30, 31, 32, 28, 23, 20, 19, 24, 27, 26, 25, 18, 16, 17, 12, 33, 36, 37, 42, 104]'
lin105,GeneticAlgorithm,14379,138.44912989996374,'[1, 2, 6, 7, 10, 11, 15, 103, 21, 22, 29, 30, 31, 32, 33, 28, 23, 20, 12, 19, 24, 27, 16, 17, 18, 25, 26, 36, 37, 42, 41, 43, 46, 52, 53, 58, 57, 54, 51, 47, 44, 104, 40, 49, 45, 48, 50, 55, 56, 59, 105, 62, 63, 70, 69, 74, 75, 81, 73, 76, 80, 86, 79, 77, 72, 64, 67, 68, 71, 78, 82, 83, 84, 85, 91, 92, 96, 97, 101, 102, 93, 89, 90, 98, 99, 100, 95, 94, 88, 87, 66, 65, 61, 60, 39, 38, 35, 34, 14, 13, 4, 5, 9, 8, 3]'
lin105,SimulatedAnnealing,15356,28.53085610002745,'[41, 52, 53, 58, 54, 57, 62, 63, 61, 60, 65, 66, 87, 88, 94, 95, 100, 99, 98, 93, 102, 101, 97, 96, 92, 91, 85, 84, 83, 82, 78, 71, 68, 67, 72, 77, 79, 73, 76, 80, 86, 89, 90, 81, 75, 74, 70, 69, 64, 105, 59, 56, 55, 50, 49, 40, 45, 48, 51, 47, 44, 104, 33, 27, 24, 19, 26, 25, 18, 17, 16, 12, 20, 23, 28, 30, 31, 32, 29, 22, 21, 103, 15, 11, 10, 7, 6, 2, 1, 3, 8, 9, 5, 4, 13, 14, 34, 35, 38, 39, 37, 36, 42, 46, 43]'
lin105,WangLeiAlgorithm,14379,45.85172019992024,'[40, 49, 45, 48, 50, 55, 56, 59, 105, 62, 63, 70, 69, 74, 75, 81, 73, 76, 80, 86, 79, 77, 72, 64, 67, 68, 71, 78, 82, 83, 84, 85, 91, 92, 96, 97, 101, 102, 93, 89, 90, 98, 99, 100, 95, 94, 88, 87, 66, 65, 61, 60, 39, 38, 35, 34, 14, 13, 4, 5, 9, 8, 3, 1, 2, 6, 7, 10, 11, 15, 103, 21, 22, 29, 30, 31, 32, 33, 28, 23, 20, 12, 19, 24, 27, 16, 17, 18, 25, 26, 36, 37, 42, 41, 43, 46, 52, 53, 58, 57, 54, 51, 47, 44, 104]'
lin105,GreedyNearestNeighbor,17353,0.0017094999784603715,'[102, 101, 97, 96, 92, 91, 85, 83, 82, 78, 71, 68, 67, 72, 77, 79, 84, 86, 80, 76, 73, 69, 74, 75, 81, 70, 63, 62, 105, 56, 55, 50, 48, 45, 40, 49, 59, 57, 54, 51, 47, 44, 41, 43, 46, 52, 53, 58, 42, 37, 36, 26, 25, 18, 16, 17, 19, 24, 27, 28, 23, 20, 103, 21, 22, 29, 30, 31, 32, 33, 104, 15, 11, 10, 7, 6, 2, 1, 3, 8, 9, 12, 14, 13, 5, 4, 34, 35, 38, 39, 60, 61, 65, 66, 87, 88, 94, 95, 100, 99, 98, 93, 89, 90, 64]'
lin105,GeneticAlgorithm,14379,129.97126519994345,'[1, 2, 6, 7, 10, 11, 15, 103, 21, 22, 29, 30, 31, 32, 33, 28, 23, 20, 12, 19, 24, 27, 16, 17, 18, 25, 26, 36, 37, 42, 41, 43, 46, 52, 53, 58, 57, 54, 51, 47, 44, 104, 40, 49, 45, 48, 50, 55, 56, 59, 105, 62, 63, 70, 69, 74, 75, 81, 73, 76, 80, 86, 79, 77, 72, 64, 67, 68, 71, 78, 82, 83, 84, 85, 91, 92, 96, 97, 101, 102, 93, 89, 90, 98, 99, 100, 95, 94, 88, 87, 66, 65, 61, 60, 39, 38, 35, 34, 14, 13, 4, 5, 9, 8, 3]'
lin105,SimulatedAnnealing,14871,28.57417150004767,'[97, 101, 102, 98, 99, 100, 95, 94, 88, 87, 66, 65, 61, 60, 39, 38, 35, 34, 14, 13, 4, 5, 9, 8, 3, 1, 2, 6, 7, 10, 11, 15, 103, 21, 22, 29, 30, 31, 32, 33, 28, 23, 20, 12, 19, 24, 27, 16, 17, 18, 25, 26, 37, 36, 104, 40, 49, 45, 48, 50, 55, 54, 51, 47, 44, 41, 42, 43, 46, 52, 53, 58, 57, 56, 59, 105, 62, 63, 64, 67, 68, 71, 78, 82, 83, 85, 84, 72, 77, 79, 86, 80, 76, 73, 69, 70, 74, 75, 81, 90, 89, 93, 91, 92, 96]'
lin105,WangLeiAlgorithm,14401,43.697201199945994,'[63, 62, 58, 53, 52, 46, 43, 42, 41, 44, 47, 51, 54, 57, 105, 59, 56, 55, 50, 48, 45, 49, 40, 104, 36, 37, 26, 25, 18, 17, 16, 27, 24, 19, 12, 20, 23, 28, 33, 32, 31, 30, 29, 22, 21, 103, 15, 11, 10, 7, 6, 2, 1, 3, 8, 9, 5, 4, 13, 14, 34, 35, 38, 39, 60, 61, 65, 66, 87, 88, 94, 95, 100, 99, 98, 90, 89, 93, 102, 101, 97, 96, 92, 91, 85, 84, 83, 82, 78, 71, 68, 67, 64, 72, 77, 79, 86, 80, 76, 73, 81, 75, 74, 69, 70]'
lin105,GreedyNearestNeighbor,19733,0.0014378000050783157,'[24, 27, 19, 16, 18, 25, 26, 17, 9, 8, 3, 2, 1, 6, 7, 10, 11, 15, 103, 21, 22, 29, 30, 31, 32, 28, 23, 20, 12, 33, 36, 37, 42, 43, 46, 52, 53, 58, 57, 54, 51, 47, 44, 41, 104, 40, 45, 48, 50, 55, 56, 59, 105, 62, 63, 70, 74, 75, 81, 69, 73, 76, 80, 79, 77, 72, 68, 67, 71, 78, 82, 83, 84, 85, 86, 89, 90, 99, 98, 93, 92, 91, 96, 97, 101, 102, 64, 49, 39, 38, 35, 34, 14, 13, 5, 4, 60, 61, 65, 66, 87, 88, 94, 95, 100]'
lin105,GeneticAlgorithm,14438,168.49593020009343,'[1, 2, 6, 7, 10, 11, 15, 12, 20, 23, 28, 103, 21, 22, 29, 30, 31, 32, 33, 27, 24, 19, 16, 17, 18, 25, 26, 37, 36, 104, 40, 49, 45, 48, 50, 55, 56, 59, 105, 57, 54, 51, 47, 44, 41, 42, 43, 46, 52, 53, 58, 62, 63, 70, 69, 74, 75, 81, 73, 76, 80, 86, 79, 77, 72, 64, 67, 68, 71, 78, 82, 83, 84, 85, 91, 92, 96, 97, 101, 102, 93, 89, 90, 98, 99, 100, 95, 94, 88, 87, 66, 65, 61, 60, 39, 38, 35, 34, 14, 13, 4, 5, 9, 8, 3]'
lin105,SimulatedAnnealing,15101,28.875492800027132,'[99, 102, 101, 97, 96, 92, 91, 85, 83, 82, 78, 84, 86, 79, 77, 72, 71, 68, 67, 64, 73, 76, 80, 81, 75, 74, 69, 70, 63, 62, 105, 59, 56, 55, 50, 48, 45, 49, 40, 104, 44, 47, 51, 54, 57, 58, 53, 52, 46, 43, 41, 42, 37, 36, 27, 33, 32, 31, 30, 29, 22, 21, 103, 15, 11, 10, 7, 6, 2, 1, 3, 12, 20, 23, 28, 19, 24, 26, 25, 18, 16, 17, 8, 9, 5, 4, 13, 14, 34, 35, 38, 39, 60, 61, 65, 66, 87, 88, 94, 100, 95, 90, 89, 93, 98]'
lin105,WangLeiAlgorithm,14379,53.80393539997749,'[5, 4, 13, 14, 34, 35, 38, 39, 60, 61, 65, 66, 87, 88, 94, 95, 100, 99, 98, 90, 89, 93, 102, 101, 97, 96, 92, 91, 85, 84, 83, 82, 78, 71, 68, 67, 64, 72, 77, 79, 86, 80, 76, 73, 81, 75, 74, 69, 70, 63, 62, 105, 59, 56, 55, 50, 48, 45, 49, 40, 104, 44, 47, 51, 54, 57, 58, 53, 52, 46, 43, 41, 42, 37, 36, 26, 25, 18, 17, 16, 27, 24, 19, 12, 20, 23, 28, 33, 32, 31, 30, 29, 22, 21, 103, 15, 11, 10, 7, 6, 2, 1, 3, 8, 9]'
lin105,GreedyNearestNeighbor,19924,0.0025798999704420567,'[23, 28, 20, 103, 21, 22, 29, 30, 31, 32, 33, 27, 24, 19, 16, 18, 25, 26, 17, 9, 8, 3, 2, 1, 6, 7, 10, 11, 15, 12, 36, 37, 42, 43, 46, 52, 53, 58, 57, 54, 51, 47, 44, 41, 104, 40, 45, 48, 50, 55, 56, 59, 105, 62, 63, 70, 74, 75, 81, 69, 73, 76, 80, 79, 77, 72, 68, 67, 71, 78, 82, 83, 84, 85, 86, 89, 90, 99, 98, 93, 92, 91, 96, 97, 101, 102, 64, 49, 39, 38, 35, 34, 14, 13, 5, 4, 60, 61, 65, 66, 87, 88, 94, 95, 100]'
lin105,GeneticAlgorithm,14492,160.74399069999345,'[1, 3, 8, 9, 5, 4, 13, 14, 34, 35, 38, 39, 60, 61, 65, 66, 87, 88, 94, 95, 100, 99, 98, 93, 102, 101, 97, 96, 92, 91, 85, 84, 83, 82, 78, 71, 68, 67, 64, 73, 76, 80, 72, 77, 79, 86, 89, 90, 81, 75, 74, 69, 70, 63, 62, 105, 59, 56, 55, 50, 48, 45, 49, 40, 104, 44, 47, 51, 54, 57, 58, 53, 52, 46, 43, 41, 42, 37, 36, 26, 25, 18, 17, 16, 27, 24, 19, 12, 20, 23, 28, 33, 32, 31, 30, 29, 22, 21, 103, 15, 11, 10, 7, 6, 2]'
rd100,ChristofidesSerdyukov,8906,0.06506990001071244,'[1, 18, 62, 87, 15, 63, 97, 67, 13, 86, 21, 49, 75, 85, 14, 12, 82, 4, 32, 78, 20, 74, 26, 9, 33, 10, 27, 92, 50, 73, 54, 38, 72, 70, 17, 46, 56, 19, 37, 28, 77, 93, 59, 95, 53, 99, 47, 57, 36, 64, 3, 79, 6, 94, 98, 66, 76, 58, 89, 2, 23, 84, 88, 31, 16, 45, 52, 44, 35, 29, 100, 96, 39, 55, 40, 7, 24, 43, 25, 42, 34, 41, 22, 5, 11, 61, 81, 80, 48, 30, 65, 91, 51, 68, 83, 90, 69, 8, 71, 60]'
rd100,2-OPT,8329,0.3325995000777766,'[1, 18, 62, 87, 15, 63, 86, 97, 67, 13, 49, 21, 75, 82, 85, 14, 12, 4, 32, 9, 26, 74, 20, 78, 33, 10, 27, 92, 17, 72, 70, 38, 54, 73, 50, 46, 56, 19, 37, 28, 93, 77, 59, 95, 6, 79, 3, 64, 36, 57, 47, 99, 53, 94, 98, 66, 76, 58, 89, 2, 23, 84, 88, 31, 16, 45, 52, 44, 35, 29, 100, 39, 96, 55, 40, 43, 25, 24, 42, 7, 34, 41, 22, 61, 11, 5, 81, 30, 48, 80, 65, 91, 51, 83, 68, 90, 69, 8, 71, 60]'
rd100,SimulatedAnnealing,8371,26.861839700024575,'[35, 29, 100, 39, 96, 55, 40, 43, 25, 24, 42, 7, 34, 11, 61, 5, 41, 22, 30, 48, 65, 80, 81, 91, 90, 51, 83, 68, 71, 8, 69, 67, 13, 49, 75, 21, 86, 97, 63, 15, 60, 1, 18, 62, 87, 14, 12, 85, 82, 4, 32, 9, 26, 74, 20, 78, 3, 33, 10, 27, 92, 17, 72, 70, 38, 54, 73, 50, 46, 56, 19, 37, 28, 93, 77, 95, 59, 76, 58, 89, 2, 23, 84, 88, 31, 16, 66, 98, 94, 53, 6, 79, 99, 47, 57, 64, 36, 52, 45, 44]'
rd100,WangLeiAlgorithm,7944,38.56977649999317,'[95, 59, 76, 58, 89, 2, 23, 84, 88, 31, 66, 98, 94, 6, 79, 53, 99, 47, 57, 16, 45, 52, 100, 44, 35, 29, 96, 39, 55, 40, 43, 25, 24, 42, 7, 34, 41, 22, 5, 61, 11, 36, 64, 91, 81, 80, 30, 48, 65, 90, 51, 83, 68, 71, 8, 69, 60, 1, 18, 62, 87, 15, 63, 86, 97, 67, 13, 49, 21, 75, 82, 85, 14, 12, 4, 32, 9, 26, 74, 20, 78, 3, 33, 10, 27, 92, 17, 72, 70, 38, 54, 73, 50, 46, 56, 19, 37, 28, 93, 77]'
rd100,GreedyNearestNeighbor,10522,0.001276999944821,'[89, 2, 23, 84, 88, 31, 66, 76, 58, 59, 95, 77, 93, 28, 37, 19, 46, 50, 73, 56, 92, 27, 10, 33, 3, 4, 32, 78, 20, 74, 26, 9, 12, 85, 14, 82, 75, 21, 49, 67, 97, 63, 86, 15, 62, 18, 1, 60, 8, 69, 90, 51, 83, 68, 71, 87, 13, 64, 36, 57, 47, 99, 53, 6, 79, 94, 98, 16, 45, 52, 100, 44, 29, 35, 96, 39, 55, 40, 7, 34, 41, 22, 5, 61, 11, 81, 80, 65, 48, 30, 91, 42, 43, 25, 24, 17, 72, 70, 38, 54]'
rd100,GeneticAlgorithm,8104,131.35218309995253,'[1, 18, 62, 87, 15, 63, 86, 97, 67, 13, 49, 21, 75, 82, 85, 14, 12, 4, 32, 9, 26, 74, 20, 78, 3, 33, 10, 27, 92, 17, 72, 70, 38, 54, 73, 50, 46, 56, 19, 37, 28, 93, 77, 59, 95, 6, 79, 53, 99, 47, 64, 36, 57, 94, 98, 66, 76, 58, 89, 2, 23, 84, 88, 31, 16, 45, 52, 100, 44, 35, 29, 96, 39, 55, 40, 43, 25, 24, 42, 7, 34, 41, 22, 61, 11, 5, 81, 80, 30, 48, 65, 91, 90, 51, 83, 68, 71, 8, 69, 60]'
rd100,SimulatedAnnealing,8247,26.94798479997553,'[99, 3, 79, 6, 53, 94, 98, 66, 31, 88, 84, 23, 2, 89, 58, 76, 59, 95, 77, 93, 28, 37, 19, 56, 46, 50, 73, 54, 38, 70, 72, 17, 92, 27, 10, 33, 78, 20, 74, 26, 9, 32, 4, 75, 49, 13, 67, 97, 63, 15, 86, 21, 82, 85, 12, 14, 87, 62, 18, 1, 60, 69, 8, 71, 68, 83, 51, 90, 65, 80, 48, 30, 22, 41, 34, 7, 42, 24, 25, 43, 40, 55, 39, 96, 29, 35, 44, 100, 52, 45, 16, 57, 36, 11, 61, 5, 81, 91, 64, 47]'
rd100,WangLeiAlgorithm,7944,39.31900150002912,'[63, 15, 87, 62, 18, 1, 60, 69, 8, 71, 68, 83, 51, 90, 65, 48, 30, 80, 81, 91, 64, 36, 11, 61, 5, 22, 41, 34, 7, 42, 24, 25, 43, 40, 55, 39, 96, 29, 35, 44, 100, 52, 45, 16, 57, 47, 99, 53, 79, 6, 94, 98, 66, 31, 88, 84, 23, 2, 89, 58, 76, 59, 95, 77, 93, 28, 37, 19, 56, 46, 50, 73, 54, 38, 70, 72, 17, 92, 27, 10, 33, 3, 78, 20, 74, 26, 9, 32, 4, 12, 14, 85, 82, 75, 21, 49, 13, 67, 97, 86]'
rd100,GreedyNearestNeighbor,10347,0.0012861000141128898,'[92, 27, 56, 46, 50, 73, 54, 38, 72, 17, 70, 19, 37, 28, 77, 93, 59, 95, 76, 66, 98, 94, 53, 99, 79, 6, 10, 33, 3, 4, 32, 78, 20, 74, 26, 9, 12, 85, 14, 82, 75, 21, 49, 67, 97, 63, 86, 15, 62, 18, 1, 60, 8, 69, 90, 51, 83, 68, 71, 87, 13, 64, 36, 57, 47, 16, 45, 52, 100, 44, 29, 35, 96, 39, 55, 40, 7, 34, 41, 22, 5, 61, 11, 81, 80, 65, 48, 30, 91, 42, 43, 25, 24, 31, 84, 88, 58, 89, 2, 23]'
rd100,GeneticAlgorithm,8104,117.14578830008395,'[1, 18, 62, 87, 15, 63, 86, 97, 67, 13, 49, 21, 75, 82, 85, 14, 12, 4, 32, 9, 26, 74, 20, 78, 3, 33, 10, 27, 92, 17, 72, 70, 38, 54, 73, 50, 46, 56, 19, 37, 28, 93, 77, 59, 95, 6, 79, 53, 99, 47, 64, 36, 57, 94, 98, 66, 76, 58, 89, 2, 23, 84, 88, 31, 16, 45, 52, 100, 44, 35, 29, 96, 39, 55, 40, 43, 25, 24, 42, 7, 34, 41, 22, 61, 11, 5, 81, 80, 30, 48, 65, 91, 90, 51, 83, 68, 71, 8, 69, 60]'
rd100,SimulatedAnnealing,8478,27.183220199891366,'[12, 4, 32, 78, 9, 26, 74, 20, 92, 27, 56, 46, 50, 73, 17, 72, 70, 38, 54, 19, 37, 28, 93, 77, 95, 59, 76, 66, 31, 84, 88, 58, 89, 2, 23, 35, 29, 44, 100, 39, 96, 55, 40, 43, 25, 24, 42, 7, 34, 41, 22, 30, 48, 80, 81, 65, 51, 83, 68, 90, 91, 64, 5, 61, 11, 36, 57, 52, 45, 16, 98, 94, 47, 99, 53, 6, 79, 10, 33, 3, 75, 82, 21, 49, 13, 67, 97, 86, 63, 15, 69, 8, 60, 1, 71, 18, 62, 87, 14, 85]'
rd100,WangLeiAlgorithm,7944,39.201934700016864,'[58, 89, 2, 23, 84, 88, 31, 66, 98, 94, 6, 79, 53, 99, 47, 57, 16, 45, 52, 100, 44, 35, 29, 96, 39, 55, 40, 43, 25, 24, 42, 7, 34, 41, 22, 5, 61, 11, 36, 64, 91, 81, 80, 30, 48, 65, 90, 51, 83, 68, 71, 8, 69, 60, 1, 18, 62, 87, 15, 63, 86, 97, 67, 13, 49, 21, 75, 82, 85, 14, 12, 4, 32, 9, 26, 74, 20, 78, 3, 33, 10, 27, 92, 17, 72, 70, 38, 54, 73, 50, 46, 56, 19, 37, 28, 93, 77, 95, 59, 76]'
rd100,GreedyNearestNeighbor,10047,0.0012868000194430351,'[33, 10, 79, 6, 53, 99, 47, 57, 36, 64, 91, 65, 80, 81, 30, 48, 83, 51, 90, 68, 71, 8, 60, 1, 18, 62, 87, 15, 63, 97, 86, 67, 13, 49, 21, 75, 82, 85, 12, 14, 4, 32, 78, 20, 74, 26, 9, 17, 72, 70, 38, 54, 73, 50, 46, 56, 19, 37, 28, 77, 93, 59, 95, 76, 66, 98, 94, 16, 45, 52, 100, 44, 29, 35, 96, 39, 55, 40, 7, 34, 41, 22, 5, 61, 11, 42, 43, 25, 24, 69, 3, 27, 92, 58, 88, 84, 31, 23, 2, 89]'
rd100,GeneticAlgorithm,8114,113.45745500002522,'[1, 18, 62, 87, 15, 63, 86, 97, 67, 13, 49, 21, 75, 82, 85, 14, 12, 4, 32, 9, 26, 74, 20, 78, 33, 10, 27, 92, 17, 72, 70, 38, 54, 73, 50, 46, 56, 19, 37, 28, 93, 77, 59, 95, 6, 79, 3, 64, 36, 57, 47, 99, 53, 94, 98, 66, 76, 58, 89, 2, 23, 84, 88, 31, 16, 45, 52, 100, 44, 35, 29, 96, 39, 55, 40, 43, 25, 24, 42, 7, 34, 41, 22, 61, 11, 5, 81, 80, 30, 48, 65, 91, 90, 51, 83, 68, 71, 8, 69, 60]'
rd100,SimulatedAnnealing,8495,26.826196199981496,'[99, 53, 6, 79, 10, 33, 27, 92, 17, 72, 70, 38, 54, 73, 50, 46, 56, 19, 37, 28, 93, 77, 95, 59, 76, 58, 66, 98, 94, 47, 64, 36, 57, 16, 31, 88, 84, 89, 2, 23, 35, 29, 100, 44, 45, 52, 39, 96, 55, 40, 43, 25, 24, 42, 7, 34, 41, 22, 61, 11, 5, 81, 80, 30, 48, 65, 91, 90, 51, 83, 68, 71, 18, 87, 62, 1, 60, 8, 69, 15, 63, 86, 97, 67, 13, 49, 21, 75, 82, 85, 14, 12, 4, 32, 9, 26, 74, 20, 78, 3]'
rd100,WangLeiAlgorithm,7911,41.85793779999949,'[10, 27, 92, 17, 72, 70, 38, 54, 73, 50, 46, 56, 19, 37, 28, 93, 77, 95, 59, 76, 66, 31, 84, 88, 58, 89, 2, 23, 35, 29, 44, 100, 39, 96, 55, 40, 43, 25, 24, 42, 7, 34, 41, 22, 5, 61, 11, 52, 45, 16, 98, 94, 6, 79, 53, 99, 47, 57, 36, 64, 91, 81, 80, 30, 48, 65, 90, 51, 83, 68, 71, 8, 69, 60, 1, 18, 62, 87, 15, 63, 86, 97, 67, 13, 49, 21, 75, 82, 85, 14, 12, 4, 32, 9, 26, 74, 20, 78, 3, 33]'
rd100,GreedyNearestNeighbor,10231,0.001289399922825396,'[53, 99, 79, 6, 94, 98, 66, 76, 58, 88, 84, 31, 16, 45, 52, 100, 44, 29, 35, 96, 39, 55, 40, 7, 34, 41, 22, 5, 61, 11, 36, 57, 47, 64, 91, 65, 80, 81, 30, 48, 83, 51, 90, 68, 71, 8, 60, 1, 18, 62, 87, 15, 63, 97, 86, 67, 13, 49, 21, 75, 82, 85, 12, 14, 4, 32, 78, 20, 74, 26, 9, 33, 10, 27, 92, 50, 46, 56, 73, 54, 38, 72, 17, 70, 19, 37, 28, 77, 93, 59, 95, 3, 69, 42, 43, 25, 24, 23, 2, 89]'
rd100,GeneticAlgorithm,8104,130.75761620001867,'[1, 60, 69, 8, 71, 68, 83, 51, 90, 91, 65, 48, 30, 80, 81, 5, 11, 61, 22, 41, 34, 7, 42, 24, 25, 43, 40, 55, 39, 96, 29, 35, 44, 100, 52, 45, 16, 31, 88, 84, 23, 2, 89, 58, 76, 66, 98, 94, 57, 36, 64, 47, 99, 53, 79, 6, 95, 59, 77, 93, 28, 37, 19, 56, 46, 50, 73, 54, 38, 70, 72, 17, 92, 27, 10, 33, 3, 78, 20, 74, 26, 9, 32, 4, 12, 14, 85, 82, 75, 21, 49, 13, 67, 97, 86, 63, 15, 87, 62, 18]'
rd100,SimulatedAnnealing,8263,26.557213200023398,'[30, 5, 11, 61, 22, 41, 34, 7, 42, 24, 25, 43, 40, 55, 96, 39, 100, 44, 29, 35, 23, 2, 89, 58, 76, 66, 88, 84, 31, 16, 45, 52, 36, 57, 47, 99, 53, 79, 6, 94, 98, 95, 59, 77, 93, 28, 37, 19, 56, 46, 50, 73, 54, 38, 70, 72, 17, 92, 27, 10, 33, 3, 78, 20, 74, 26, 9, 32, 4, 75, 49, 21, 82, 85, 12, 14, 87, 62, 18, 71, 1, 60, 8, 69, 15, 63, 86, 97, 67, 13, 64, 91, 81, 80, 65, 90, 51, 83, 68, 48]'
rd100,WangLeiAlgorithm,7944,41.53041179990396,'[77, 93, 28, 37, 19, 56, 46, 50, 73, 54, 38, 70, 72, 17, 92, 27, 10, 33, 3, 78, 20, 74, 26, 9, 32, 4, 12, 14, 85, 82, 75, 21, 49, 13, 67, 97, 86, 63, 15, 87, 62, 18, 1, 60, 69, 8, 71, 68, 83, 51, 90, 65, 48, 30, 80, 81, 91, 64, 36, 11, 61, 5, 22, 41, 34, 7, 42, 24, 25, 43, 40, 55, 39, 96, 29, 35, 44, 100, 52, 45, 16, 57, 47, 99, 53, 79, 6, 94, 98, 66, 31, 88, 84, 23, 2, 89, 58, 76, 59, 95]'
rd100,GreedyNearestNeighbor,10235,0.0014374000020325184,'[46, 50, 73, 56, 19, 37, 28, 77, 93, 59, 95, 76, 66, 98, 94, 53, 99, 79, 6, 10, 33, 3, 4, 32, 78, 20, 74, 26, 9, 12, 85, 14, 82, 75, 21, 49, 67, 97, 63, 86, 15, 62, 18, 1, 60, 8, 69, 90, 51, 83, 68, 71, 87, 13, 64, 36, 57, 47, 16, 45, 52, 100, 44, 29, 35, 96, 39, 55, 40, 7, 34, 41, 22, 5, 61, 11, 81, 80, 65, 48, 30, 91, 42, 43, 25, 24, 31, 84, 88, 58, 89, 2, 23, 27, 92, 17, 72, 70, 38, 54]'
rd100,GeneticAlgorithm,8114,114.23968320002314,'[1, 18, 62, 87, 15, 63, 86, 97, 67, 13, 49, 21, 75, 82, 85, 14, 12, 4, 32, 9, 26, 74, 20, 78, 33, 10, 27, 92, 17, 72, 70, 38, 54, 73, 50, 46, 56, 19, 37, 28, 93, 77, 59, 95, 6, 79, 3, 64, 36, 57, 47, 99, 53, 94, 98, 66, 76, 58, 89, 2, 23, 84, 88, 31, 16, 45, 52, 100, 44, 35, 29, 96, 39, 55, 40, 43, 25, 24, 42, 7, 34, 41, 22, 61, 11, 5, 81, 80, 30, 48, 65, 91, 90, 51, 83, 68, 71, 8, 69, 60]'
rd100,SimulatedAnnealing,8682,26.7272492001066,'[38, 74, 20, 78, 26, 9, 32, 4, 3, 75, 49, 13, 67, 15, 63, 97, 86, 21, 82, 85, 12, 14, 87, 62, 18, 1, 60, 69, 8, 71, 68, 83, 51, 90, 65, 91, 64, 36, 81, 80, 48, 30, 22, 41, 5, 61, 11, 34, 7, 42, 24, 25, 43, 40, 55, 39, 96, 29, 35, 44, 100, 52, 45, 16, 31, 23, 2, 89, 84, 88, 58, 76, 66, 98, 94, 57, 47, 99, 53, 6, 79, 10, 33, 27, 92, 73, 50, 46, 56, 28, 77, 95, 59, 93, 37, 19, 54, 70, 72, 17]'
rd100,WangLeiAlgorithm,7944,40.26171680004336,'[58, 89, 2, 23, 84, 88, 31, 66, 98, 94, 6, 79, 53, 99, 47, 57, 16, 45, 52, 100, 44, 35, 29, 96, 39, 55, 40, 43, 25, 24, 42, 7, 34, 41, 22, 5, 61, 11, 36, 64, 91, 81, 80, 30, 48, 65, 90, 51, 83, 68, 71, 8, 69, 60, 1, 18, 62, 87, 15, 63, 86, 97, 67, 13, 49, 21, 75, 82, 85, 14, 12, 4, 32, 9, 26, 74, 20, 78, 3, 33, 10, 27, 92, 17, 72, 70, 38, 54, 73, 50, 46, 56, 19, 37, 28, 93, 77, 95, 59, 76]'
rd100,GreedyNearestNeighbor,10356,0.0012926999479532242,'[59, 95, 77, 93, 28, 37, 19, 46, 50, 73, 56, 92, 27, 10, 33, 3, 4, 32, 78, 20, 74, 26, 9, 12, 85, 14, 82, 75, 21, 49, 67, 97, 63, 86, 15, 62, 18, 1, 60, 8, 69, 90, 51, 83, 68, 71, 87, 13, 64, 36, 57, 47, 99, 53, 6, 79, 94, 98, 66, 76, 58, 88, 84, 31, 16, 45, 52, 100, 44, 29, 35, 96, 39, 55, 40, 7, 34, 41, 22, 5, 61, 11, 81, 80, 65, 48, 30, 91, 42, 43, 25, 24, 23, 2, 89, 54, 38, 72, 17, 70]'
rd100,GeneticAlgorithm,8104,116.14197320002131,'[1, 18, 62, 87, 15, 63, 86, 97, 67, 13, 49, 21, 75, 82, 85, 14, 12, 4, 32, 9, 26, 74, 20, 78, 3, 33, 10, 27, 92, 17, 72, 70, 38, 54, 73, 50, 46, 56, 19, 37, 28, 93, 77, 59, 95, 6, 79, 53, 99, 47, 64, 36, 57, 94, 98, 66, 76, 58, 89, 2, 23, 84, 88, 31, 16, 45, 52, 100, 44, 35, 29, 96, 39, 55, 40, 43, 25, 24, 42, 7, 34, 41, 22, 61, 11, 5, 81, 80, 30, 48, 65, 91, 90, 51, 83, 68, 71, 8, 69, 60]'
rd100,SimulatedAnnealing,8455,27.41440510004759,'[88, 89, 2, 23, 84, 31, 45, 16, 66, 98, 94, 6, 79, 53, 99, 47, 64, 36, 57, 52, 100, 44, 35, 29, 96, 39, 55, 40, 43, 25, 24, 42, 7, 34, 41, 22, 61, 11, 5, 81, 91, 65, 80, 30, 48, 68, 83, 51, 90, 69, 13, 67, 97, 86, 63, 15, 1, 60, 8, 71, 18, 62, 87, 14, 12, 85, 82, 21, 49, 75, 4, 32, 9, 26, 74, 20, 78, 3, 33, 10, 27, 92, 17, 72, 70, 38, 54, 73, 50, 46, 56, 19, 37, 28, 93, 77, 95, 59, 76, 58]'
rd100,WangLeiAlgorithm,7941,38.01480000000447,'[46, 50, 73, 54, 38, 70, 72, 17, 92, 27, 10, 33, 3, 78, 20, 74, 26, 9, 32, 4, 12, 14, 85, 82, 75, 21, 49, 13, 67, 97, 86, 63, 15, 87, 62, 18, 1, 60, 69, 8, 71, 68, 83, 51, 90, 65, 48, 30, 80, 81, 91, 64, 36, 57, 47, 99, 53, 79, 6, 94, 98, 16, 45, 52, 11, 61, 5, 22, 41, 34, 7, 42, 24, 25, 43, 40, 55, 39, 96, 100, 44, 29, 35, 23, 2, 89, 58, 84, 88, 31, 66, 76, 59, 95, 77, 93, 28, 37, 19, 56]'
rd100,GreedyNearestNeighbor,10522,0.0012969000963494182,'[89, 2, 23, 84, 88, 31, 66, 76, 58, 59, 95, 77, 93, 28, 37, 19, 46, 50, 73, 56, 92, 27, 10, 33, 3, 4, 32, 78, 20, 74, 26, 9, 12, 85, 14, 82, 75, 21, 49, 67, 97, 63, 86, 15, 62, 18, 1, 60, 8, 69, 90, 51, 83, 68, 71, 87, 13, 64, 36, 57, 47, 99, 53, 6, 79, 94, 98, 16, 45, 52, 100, 44, 29, 35, 96, 39, 55, 40, 7, 34, 41, 22, 5, 61, 11, 81, 80, 65, 48, 30, 91, 42, 43, 25, 24, 17, 72, 70, 38, 54]'
rd100,GeneticAlgorithm,8114,113.7494893000694,'[1, 18, 62, 87, 15, 63, 86, 97, 67, 13, 49, 21, 75, 82, 85, 14, 12, 4, 32, 9, 26, 74, 20, 78, 33, 10, 27, 92, 17, 72, 70, 38, 54, 73, 50, 46, 56, 19, 37, 28, 93, 77, 59, 95, 6, 79, 3, 64, 36, 57, 47, 99, 53, 94, 98, 66, 76, 58, 89, 2, 23, 84, 88, 31, 16, 45, 52, 100, 44, 35, 29, 96, 39, 55, 40, 43, 25, 24, 42, 7, 34, 41, 22, 61, 11, 5, 81, 80, 30, 48, 65, 91, 90, 51, 83, 68, 71, 8, 69, 60]'
rd100,SimulatedAnnealing,8712,26.570467500016093,'[22, 64, 13, 49, 75, 4, 32, 78, 3, 33, 10, 79, 6, 53, 99, 47, 94, 95, 59, 77, 93, 28, 37, 19, 54, 38, 70, 72, 17, 73, 50, 46, 56, 27, 92, 20, 74, 26, 9, 12, 14, 85, 82, 21, 67, 97, 86, 63, 15, 87, 62, 18, 1, 60, 69, 8, 71, 68, 83, 51, 90, 65, 91, 81, 80, 48, 30, 5, 61, 11, 36, 57, 52, 45, 16, 98, 66, 76, 58, 88, 31, 84, 89, 2, 23, 35, 29, 44, 100, 39, 96, 55, 40, 43, 25, 24, 42, 7, 34, 41]'
rd100,WangLeiAlgorithm,7911,38.18838260008488,'[36, 57, 47, 99, 53, 79, 6, 94, 98, 16, 45, 52, 11, 61, 5, 22, 41, 34, 7, 42, 24, 25, 43, 40, 55, 96, 39, 100, 44, 29, 35, 23, 2, 89, 58, 88, 84, 31, 66, 76, 59, 95, 77, 93, 28, 37, 19, 56, 46, 50, 73, 54, 38, 70, 72, 17, 92, 27, 10, 33, 3, 78, 20, 74, 26, 9, 32, 4, 12, 14, 85, 82, 75, 21, 49, 13, 67, 97, 86, 63, 15, 87, 62, 18, 1, 60, 69, 8, 71, 68, 83, 51, 90, 65, 48, 30, 80, 81, 91, 64]'
rd100,GreedyNearestNeighbor,10446,0.0012864000163972378,'[76, 66, 98, 94, 53, 99, 79, 6, 10, 33, 3, 4, 32, 78, 20, 74, 26, 9, 12, 85, 14, 82, 75, 21, 49, 67, 97, 63, 86, 15, 62, 18, 1, 60, 8, 69, 90, 51, 83, 68, 71, 87, 13, 64, 36, 57, 47, 16, 45, 52, 100, 44, 29, 35, 96, 39, 55, 40, 7, 34, 41, 22, 5, 61, 11, 81, 80, 65, 48, 30, 91, 42, 43, 25, 24, 31, 84, 88, 58, 59, 95, 77, 93, 28, 37, 19, 46, 50, 73, 56, 92, 27, 17, 72, 70, 38, 54, 89, 2, 23]'
rd100,GeneticAlgorithm,8104,128.7586997000035,'[1, 18, 62, 87, 15, 63, 86, 97, 67, 13, 49, 21, 75, 82, 85, 14, 12, 4, 32, 9, 26, 74, 20, 78, 3, 33, 10, 27, 92, 17, 72, 70, 38, 54, 73, 50, 46, 56, 19, 37, 28, 93, 77, 59, 95, 6, 79, 53, 99, 47, 64, 36, 57, 94, 98, 66, 76, 58, 89, 2, 23, 84, 88, 31, 16, 45, 52, 100, 44, 35, 29, 96, 39, 55, 40, 43, 25, 24, 42, 7, 34, 41, 22, 61, 11, 5, 81, 80, 30, 48, 65, 91, 90, 51, 83, 68, 71, 8, 69, 60]'
rd100,SimulatedAnnealing,8064,26.337832499993965,'[90, 65, 91, 64, 36, 11, 61, 5, 81, 80, 48, 30, 22, 41, 34, 7, 42, 24, 25, 43, 40, 55, 96, 39, 100, 29, 35, 44, 45, 16, 52, 57, 47, 99, 53, 79, 6, 94, 98, 66, 31, 88, 84, 23, 2, 89, 58, 76, 59, 95, 77, 93, 28, 37, 19, 56, 46, 50, 73, 54, 38, 70, 72, 17, 92, 27, 10, 33, 3, 78, 20, 74, 26, 9, 32, 4, 12, 14, 85, 82, 75, 21, 49, 13, 67, 97, 86, 63, 15, 87, 62, 18, 1, 60, 69, 8, 71, 68, 83, 51]'
rd100,WangLeiAlgorithm,7944,42.86236500006635,'[19, 37, 28, 93, 77, 95, 59, 76, 58, 89, 2, 23, 84, 88, 31, 66, 98, 94, 6, 79, 53, 99, 47, 57, 16, 45, 52, 100, 44, 35, 29, 96, 39, 55, 40, 43, 25, 24, 42, 7, 34, 41, 22, 5, 61, 11, 36, 64, 91, 81, 80, 30, 48, 65, 90, 51, 83, 68, 71, 8, 69, 60, 1, 18, 62, 87, 15, 63, 86, 97, 67, 13, 49, 21, 75, 82, 85, 14, 12, 4, 32, 9, 26, 74, 20, 78, 3, 33, 10, 27, 92, 17, 72, 70, 38, 54, 73, 50, 46, 56]'
rd100,GreedyNearestNeighbor,10348,0.0013035000301897526,'[54, 38, 72, 17, 70, 73, 50, 46, 56, 19, 37, 28, 77, 93, 59, 95, 76, 66, 98, 94, 53, 99, 79, 6, 10, 33, 3, 4, 32, 78, 20, 74, 26, 9, 12, 85, 14, 82, 75, 21, 49, 67, 97, 63, 86, 15, 62, 18, 1, 60, 8, 69, 90, 51, 83, 68, 71, 87, 13, 64, 36, 57, 47, 16, 45, 52, 100, 44, 29, 35, 96, 39, 55, 40, 7, 34, 41, 22, 5, 61, 11, 81, 80, 65, 48, 30, 91, 42, 43, 25, 24, 31, 84, 88, 58, 89, 2, 23, 27, 92]'
rd100,GeneticAlgorithm,7965,113.73579039995093,'[1, 18, 62, 87, 15, 63, 86, 97, 67, 13, 49, 21, 75, 82, 85, 14, 12, 4, 32, 9, 26, 74, 20, 78, 3, 33, 10, 27, 92, 17, 72, 70, 38, 54, 73, 50, 46, 56, 19, 37, 28, 93, 77, 59, 95, 6, 79, 53, 99, 47, 57, 94, 98, 66, 76, 58, 89, 2, 23, 84, 88, 31, 16, 45, 52, 100, 44, 35, 29, 96, 39, 55, 40, 43, 25, 24, 42, 7, 34, 41, 22, 5, 61, 11, 36, 64, 91, 81, 80, 30, 48, 65, 90, 51, 83, 68, 71, 8, 69, 60]'
rd100,SimulatedAnnealing,8595,26.37171729991678,'[27, 10, 33, 3, 79, 6, 53, 99, 47, 94, 98, 16, 31, 84, 88, 66, 76, 58, 89, 2, 23, 35, 29, 96, 55, 39, 100, 44, 45, 52, 57, 36, 64, 91, 81, 5, 61, 11, 34, 7, 40, 43, 25, 24, 42, 41, 22, 30, 48, 80, 65, 83, 51, 90, 69, 68, 71, 8, 60, 1, 18, 62, 87, 15, 63, 86, 97, 67, 13, 49, 21, 75, 82, 85, 14, 12, 4, 32, 78, 20, 74, 26, 9, 17, 72, 70, 38, 54, 19, 37, 93, 59, 95, 77, 28, 56, 46, 50, 73, 92]'
rd100,WangLeiAlgorithm,7911,39.599193200003356,'[23, 35, 29, 44, 100, 39, 96, 55, 40, 43, 25, 24, 42, 7, 34, 41, 22, 5, 61, 11, 52, 45, 16, 98, 94, 6, 79, 53, 99, 47, 57, 36, 64, 91, 81, 80, 30, 48, 65, 90, 51, 83, 68, 71, 8, 69, 60, 1, 18, 62, 87, 15, 63, 86, 97, 67, 13, 49, 21, 75, 82, 85, 14, 12, 4, 32, 9, 26, 74, 20, 78, 3, 33, 10, 27, 92, 17, 72, 70, 38, 54, 73, 50, 46, 56, 19, 37, 28, 93, 77, 95, 59, 76, 66, 31, 84, 88, 58, 89, 2]'
rd100,GreedyNearestNeighbor,10182,0.001299499999731779,'[3, 33, 10, 79, 6, 53, 99, 47, 57, 36, 64, 91, 65, 80, 81, 30, 48, 83, 51, 90, 68, 71, 8, 60, 1, 18, 62, 87, 15, 63, 97, 86, 67, 13, 49, 21, 75, 82, 85, 12, 14, 4, 32, 78, 20, 74, 26, 9, 17, 72, 70, 38, 54, 73, 50, 46, 56, 19, 37, 28, 77, 93, 59, 95, 76, 66, 98, 94, 16, 45, 52, 100, 44, 29, 35, 96, 39, 55, 40, 7, 34, 41, 22, 5, 61, 11, 42, 43, 25, 24, 69, 27, 92, 58, 88, 84, 31, 23, 2, 89]'
rd100,GeneticAlgorithm,8104,130.13224870001432,'[1, 18, 62, 87, 15, 63, 86, 97, 67, 13, 49, 21, 75, 82, 85, 14, 12, 4, 32, 9, 26, 74, 20, 78, 3, 33, 10, 27, 92, 17, 72, 70, 38, 54, 73, 50, 46, 56, 19, 37, 28, 93, 77, 59, 95, 6, 79, 53, 99, 47, 64, 36, 57, 94, 98, 66, 76, 58, 89, 2, 23, 84, 88, 31, 16, 45, 52, 100, 44, 35, 29, 96, 39, 55, 40, 43, 25, 24, 42, 7, 34, 41, 22, 61, 11, 5, 81, 80, 30, 48, 65, 91, 90, 51, 83, 68, 71, 8, 69, 60]'